{
	"credit": "Made with Blockbench",
	"textures": {
		"0": "custom/weapons/throwables/tear_gas",
		"particle": "custom/weapons/throwables/tear_gas"
	},
	"elements": [
		{
			"name": "octagon",
			"from": [7.7974, 4.375, 6.73912],
			"to": [8.52227, 8.05, 8.48912],
			"rotation": {"angle": 45, "axis": "y", "origin": [8.54571, 7.50625, 8]},
			"faces": {
				"north": {"uv": [0.032, 0.032, 1.968, 15.968], "texture": "#0"},
				"south": {"uv": [0.032, 0.032, 1.968, 15.968], "texture": "#0"},
				"up": {"uv": [0.032, 0.032, 0.968, 0.968], "texture": "#0"},
				"down": {"uv": [0.032, 0.032, 0.968, 0.968], "texture": "#0"}
			}
		},
		{
			"name": "octagon",
			"from": [7.63756, 4.375, 7.125],
			"to": [8.36244, 8.05, 8.875],
			"rotation": {"angle": 0, "axis": "y", "origin": [8.54571, 7.50625, 8]},
			"faces": {
				"north": {"uv": [0.032, 0.032, 1.968, 15.968], "texture": "#0"},
				"south": {"uv": [0.032, 0.032, 1.968, 15.968], "texture": "#0"},
				"up": {"uv": [0.032, 0.032, 0.968, 0.968], "texture": "#0"},
				"down": {"uv": [0.032, 0.032, 0.968, 0.968], "texture": "#0"}
			}
		},
		{
			"name": "octagon",
			"from": [7.28483, 4.375, 7.25169],
			"to": [9.03483, 8.05, 7.97656],
			"rotation": {"angle": 45, "axis": "y", "origin": [8.54571, 7.50625, 8]},
			"faces": {
				"east": {"uv": [0.032, 0.032, 1.968, 15.968], "texture": "#0"},
				"west": {"uv": [0.032, 0.032, 1.968, 15.968], "texture": "#0"},
				"up": {"uv": [0.032, 0.032, 0.968, 0.968], "texture": "#0"},
				"down": {"uv": [0.032, 0.032, 0.968, 0.968], "texture": "#0"}
			}
		},
		{
			"name": "octagon",
			"from": [7.125, 4.375, 7.63756],
			"to": [8.875, 8.05, 8.36244],
			"rotation": {"angle": 0, "axis": "y", "origin": [8.54571, 7.50625, 8]},
			"faces": {
				"east": {"uv": [0.032, 0.032, 1.968, 15.968], "texture": "#0"},
				"west": {"uv": [0.032, 0.032, 1.968, 15.968], "texture": "#0"},
				"up": {"uv": [0.032, 0.032, 0.968, 0.968], "texture": "#0"},
				"down": {"uv": [0.032, 0.032, 0.968, 0.968], "texture": "#0"}
			}
		},
		{
			"from": [7.52877, 8.05, 7.5],
			"to": [8.27877, 8.75, 8.5],
			"rotation": {"angle": 0, "axis": "z", "origin": [8.54571, 7.50625, 8]},
			"faces": {
				"north": {"uv": [2.032, 0.032, 2.75, 0.7], "texture": "#0"},
				"south": {"uv": [2.032, 0.032, 2.75, 0.7], "texture": "#0"},
				"west": {"uv": [2.032, 0.032, 2.75, 0.7], "texture": "#0"},
				"down": {"uv": [2.032, 0.032, 2.75, 0.7], "texture": "#0"}
			}
		},
		{
			"from": [8.05063, 7.88196, 7.5],
			"to": [8.80063, 8.83196, 8.5],
			"rotation": {"angle": 22.5, "axis": "z", "origin": [8.54571, 7.50625, 8]},
			"faces": {
				"north": {"uv": [2.032, 0.032, 2.75, 0.7], "texture": "#0"},
				"east": {"uv": [2.032, 0.032, 2.75, 0.7], "texture": "#0"},
				"south": {"uv": [2.032, 0.032, 2.75, 0.7], "texture": "#0"},
				"down": {"uv": [2.032, 0.032, 2.75, 0.7], "texture": "#0"}
			}
		},
		{
			"from": [7.30377, 8.65, 7.375],
			"to": [8.75377, 8.95, 8.625],
			"rotation": {"angle": 0, "axis": "y", "origin": [8.54571, 7.50625, 8]},
			"faces": {
				"north": {"uv": [2.032, 0.032, 2.968, 0.968], "texture": "#0"},
				"south": {"uv": [2.032, 0.032, 2.968, 0.968], "texture": "#0"},
				"west": {"uv": [2.032, 0.032, 2.968, 0.968], "texture": "#0"},
				"up": {"uv": [2.032, 0.032, 2.968, 0.968], "texture": "#0"},
				"down": {"uv": [2.032, 0.032, 2.968, 0.968], "texture": "#0"}
			}
		},
		{
			"from": [9.03765, 7.34038, 7.625],
			"to": [9.33765, 8.09038, 8.375],
			"rotation": {"angle": 0, "axis": "z", "origin": [8.54571, 7.50625, 8]},
			"faces": {
				"north": {"uv": [2.032, 0.032, 2.968, 0.968], "rotation": 90, "texture": "#0"},
				"east": {"uv": [2.032, 0.032, 2.968, 0.968], "rotation": 90, "texture": "#0"},
				"south": {"uv": [2.032, 0.032, 2.968, 0.968], "rotation": 90, "texture": "#0"},
				"west": {"uv": [2.032, 0.032, 2.968, 0.968], "rotation": 90, "texture": "#0"},
				"down": {"uv": [2.032, 0.032, 2.968, 0.968], "rotation": 90, "texture": "#0"}
			}
		},
		{
			"from": [8.19266, 8.17928, 7.5],
			"to": [8.69266, 8.47928, 8.5],
			"rotation": {"angle": -45, "axis": "z", "origin": [8.54571, 7.50625, 8]},
			"faces": {
				"north": {"uv": [2.032, 0.032, 2.968, 0.968], "texture": "#0"},
				"east": {"uv": [2.032, 0.032, 2.968, 0.968], "texture": "#0"},
				"south": {"uv": [2.032, 0.032, 2.968, 0.968], "texture": "#0"},
				"up": {"uv": [2.032, 0.032, 2.968, 0.968], "texture": "#0"},
				"down": {"uv": [2.032, 0.032, 2.968, 0.968], "texture": "#0"}
			}
		},
		{
			"from": [8.77197, 8.2318, 7.375],
			"to": [9.07197, 8.6318, 8.625],
			"rotation": {"angle": 0, "axis": "y", "origin": [8.54571, 7.50625, 8]},
			"faces": {
				"north": {"uv": [2.032, 0.032, 2.968, 0.968], "rotation": 90, "texture": "#0"},
				"east": {"uv": [2.032, 0.032, 2.968, 0.968], "rotation": 90, "texture": "#0"},
				"south": {"uv": [2.032, 0.032, 2.968, 0.968], "rotation": 90, "texture": "#0"},
				"west": {"uv": [2.032, 0.032, 2.968, 0.968], "rotation": 90, "texture": "#0"},
				"up": {"uv": [2.032, 0.032, 2.968, 0.968], "rotation": 90, "texture": "#0"},
				"down": {"uv": [2.032, 0.032, 2.968, 0.968], "rotation": 90, "texture": "#0"}
			}
		},
		{
			"from": [7.67194, 8.37426, 7.375],
			"to": [8.12194, 8.67426, 8.625],
			"rotation": {"angle": -45, "axis": "z", "origin": [8.54571, 7.50625, 8]},
			"faces": {
				"north": {"uv": [2.032, 0.032, 2.968, 0.968], "texture": "#0"},
				"east": {"uv": [2.032, 0.032, 2.968, 0.968], "texture": "#0"},
				"south": {"uv": [2.032, 0.032, 2.968, 0.968], "texture": "#0"},
				"up": {"uv": [2.032, 0.032, 2.968, 0.968], "texture": "#0"},
				"down": {"uv": [2.032, 0.032, 2.968, 0.968], "texture": "#0"}
			}
		}
	],
	"gui_light": "front",
	"display": {
		"thirdperson_righthand": {
			"rotation": [0, -90, 0],
			"translation": [0, 0.5, -0.5]
		},
		"thirdperson_lefthand": {
			"rotation": [0, 90, 0],
			"translation": [0, 0.5, -0.5]
		},
		"firstperson_righthand": {
			"rotation": [0, -90, 25],
			"translation": [1.13, 3.2, 1.13]
		},
		"firstperson_lefthand": {
			"rotation": [0, 89, -25],
			"translation": [1.13, 3.2, 1.13]
		},
		"ground": {
			"rotation": [90, 0, 0],
			"translation": [0, -2.75, 1.5]
		},
		"gui": {
			"rotation": [0, 0, -45],
			"translation": [2.5, 2.75, 0],
			"scale": [3, 3, 3]
		},
		"head": {
			"translation": [0, -15, 0],
			"scale": [2.5, 2.5, 2.5]
		},
		"fixed": {
			"rotation": [0, 180, 0],
			"translation": [0, 3.75, -0.75],
			"scale": [3, 3, 3]
		}
	},
	"groups": [
		{
			"name": "octagon",
			"origin": [9.7125, 7.3875, 8.47181],
			"color": 0,
			"children": [0, 1, 2, 3]
		},
		{
			"name": "head",
			"origin": [8.77145, 8.7909, 7.875],
			"color": 0,
			"children": [4, 5, 6, 7, 8, 9, 10]
		}
	]
}