{
	"credit": "Made with Blockbench",
	"textures": {
		"6": "custom/weapons/guns/g36c",
		"particle": "custom/weapons/guns/g36c"
	},
	"elements": [
		{
			"from": [5, 4.25, 7.5],
			"to": [13.25, 6.25, 8.5],
			"rotation": {"angle": 0, "axis": "y", "origin": [9.125, 5.25, 8]},
			"faces": {
				"north": {"uv": [3.032, 15.032, 3.968, 15.968], "texture": "#6"},
				"south": {"uv": [3.032, 15.032, 3.968, 15.968], "texture": "#6"},
				"west": {"uv": [3.032, 15.032, 3.968, 15.968], "texture": "#6"},
				"up": {"uv": [3.032, 15.032, 3.968, 15.968], "texture": "#6"},
				"down": {"uv": [3.032, 15.032, 3.968, 15.968], "texture": "#6"}
			}
		},
		{
			"from": [10.25, 4, 7.25],
			"to": [13.25, 6.251, 8.75],
			"rotation": {"angle": 0, "axis": "y", "origin": [11.75, 5.125, 8]},
			"faces": {
				"north": {"uv": [3.032, 15.032, 3.968, 15.968], "texture": "#6"},
				"east": {"uv": [3.032, 15.032, 3.968, 15.968], "texture": "#6"},
				"south": {"uv": [3.032, 15.032, 3.968, 15.968], "texture": "#6"},
				"west": {"uv": [3.032, 15.032, 3.968, 15.968], "texture": "#6"},
				"up": {"uv": [3.032, 15.032, 3.968, 15.968], "texture": "#6"},
				"down": {"uv": [3.032, 15.032, 3.968, 15.968], "texture": "#6"}
			}
		},
		{
			"from": [12.4545, 4.3295, 7.25],
			"to": [14.0455, 5.9205, 8.75],
			"rotation": {"angle": 45, "axis": "z", "origin": [13.25, 5.125, 8]},
			"faces": {
				"north": {"uv": [3.032, 15.032, 3.968, 15.968], "texture": "#6"},
				"east": {"uv": [3.032, 15.032, 3.968, 15.968], "texture": "#6"},
				"south": {"uv": [3.032, 15.032, 3.968, 15.968], "texture": "#6"},
				"west": {"uv": [3.032, 15.032, 3.968, 15.968], "texture": "#6"},
				"up": {"uv": [3.032, 15.032, 3.968, 15.968], "texture": "#6"},
				"down": {"uv": [3.032, 15.032, 3.968, 15.968], "texture": "#6"}
			}
		},
		{
			"from": [13.25, 4, 7.25],
			"to": [14.375, 5.125, 8.75],
			"rotation": {"angle": 0, "axis": "z", "origin": [14.0455, 4.7955, 8]},
			"faces": {
				"north": {"uv": [3.032, 15.032, 3.968, 15.968], "texture": "#6"},
				"east": {"uv": [3.032, 15.032, 3.968, 15.968], "texture": "#6"},
				"south": {"uv": [3.032, 15.032, 3.968, 15.968], "texture": "#6"},
				"west": {"uv": [3.032, 15.032, 3.968, 15.968], "texture": "#6"},
				"up": {"uv": [3.032, 15.032, 3.968, 15.968], "texture": "#6"},
				"down": {"uv": [3.032, 15.032, 3.968, 15.968], "texture": "#6"}
			}
		},
		{
			"from": [5.11522, 5.67074, 7.625],
			"to": [7.11522, 6.67074, 8.375],
			"rotation": {"angle": 22.5, "axis": "z", "origin": [6.11522, 6.17074, 8]},
			"faces": {
				"north": {"uv": [3.032, 15.032, 3.968, 15.968], "rotation": 270, "texture": "#6"},
				"east": {"uv": [3.032, 15.032, 3.968, 15.968], "rotation": 270, "texture": "#6"},
				"south": {"uv": [3.032, 15.032, 3.968, 15.968], "rotation": 270, "texture": "#6"},
				"up": {"uv": [3.032, 15.032, 3.968, 15.968], "rotation": 270, "texture": "#6"}
			}
		},
		{
			"from": [11.27196, 6.27468, 7.625],
			"to": [12.52196, 6.62468, 8.375],
			"rotation": {"angle": -45, "axis": "z", "origin": [11.89696, 6.44968, 8]},
			"faces": {
				"north": {"uv": [3.032, 15.032, 3.968, 15.968], "rotation": 270, "texture": "#6"},
				"south": {"uv": [3.032, 15.032, 3.968, 15.968], "rotation": 270, "texture": "#6"},
				"up": {"uv": [3.032, 15.032, 3.968, 15.968], "rotation": 270, "texture": "#6"},
				"down": {"uv": [3.032, 15.032, 3.968, 15.968], "rotation": 270, "texture": "#6"}
			}
		},
		{
			"from": [6.84776, 6.66537, 7.625],
			"to": [11.57876, 7.01537, 8.375],
			"rotation": {"angle": 0, "axis": "z", "origin": [9.21326, 6.84037, 8]},
			"faces": {
				"north": {"uv": [3.032, 15.032, 3.968, 15.968], "rotation": 270, "texture": "#6"},
				"south": {"uv": [3.032, 15.032, 3.968, 15.968], "rotation": 270, "texture": "#6"},
				"up": {"uv": [3.032, 15.032, 3.968, 15.968], "rotation": 270, "texture": "#6"},
				"down": {"uv": [3.032, 15.032, 3.968, 15.968], "rotation": 270, "texture": "#6"}
			}
		},
		{
			"from": [1.5, 5.5, 7.75],
			"to": [5, 6, 8.25],
			"rotation": {"angle": 0, "axis": "y", "origin": [3.25, 5.75, 8]},
			"faces": {
				"north": {"uv": [0.032, 15.032, 0.968, 15.968], "texture": "#6"},
				"south": {"uv": [0.032, 15.032, 0.968, 15.968], "texture": "#6"},
				"up": {"uv": [0.032, 15.032, 0.968, 15.968], "texture": "#6"},
				"down": {"uv": [0.032, 15.032, 0.968, 15.968], "texture": "#6"}
			}
		},
		{
			"from": [1.17179, 3.696, 7.75],
			"to": [3.92179, 4.196, 8.25],
			"rotation": {"angle": 22.5, "axis": "z", "origin": [2.42179, 3.946, 8]},
			"faces": {
				"north": {"uv": [0.032, 15.032, 0.968, 15.968], "texture": "#6"},
				"south": {"uv": [0.032, 15.032, 0.968, 15.968], "texture": "#6"},
				"up": {"uv": [0.032, 15.032, 0.968, 15.968], "texture": "#6"},
				"down": {"uv": [0.032, 15.032, 0.968, 15.968], "texture": "#6"}
			}
		},
		{
			"from": [3.5977, 4.91915, 7.75],
			"to": [5.4477, 5.41915, 8.25],
			"rotation": {"angle": 45, "axis": "z", "origin": [4.5227, 5.16915, 8]},
			"faces": {
				"north": {"uv": [0.032, 15.032, 0.968, 15.968], "texture": "#6"},
				"south": {"uv": [0.032, 15.032, 0.968, 15.968], "texture": "#6"},
				"up": {"uv": [0.032, 15.032, 0.968, 15.968], "texture": "#6"},
				"down": {"uv": [0.032, 15.032, 0.968, 15.968], "texture": "#6"}
			}
		},
		{
			"from": [2.63109, 4.3033, 7.75],
			"to": [3.13109, 5.9033, 8.25],
			"rotation": {"angle": 45, "axis": "z", "origin": [2.88109, 5.2283, 8]},
			"faces": {
				"north": {"uv": [0.032, 15.032, 0.968, 15.968], "rotation": 90, "texture": "#6"},
				"east": {"uv": [0.032, 15.032, 0.968, 15.968], "rotation": 90, "texture": "#6"},
				"south": {"uv": [0.032, 15.032, 0.968, 15.968], "rotation": 90, "texture": "#6"},
				"west": {"uv": [0.032, 15.032, 0.968, 15.968], "rotation": 90, "texture": "#6"}
			}
		},
		{
			"from": [3.71194, 4.251, 7.75],
			"to": [5.01194, 4.751, 8.25],
			"rotation": {"angle": 0, "axis": "z", "origin": [4.96194, 4.51634, 8]},
			"faces": {
				"north": {"uv": [0.032, 15.032, 0.968, 15.968], "texture": "#6"},
				"south": {"uv": [0.032, 15.032, 0.968, 15.968], "texture": "#6"},
				"up": {"uv": [0.032, 15.032, 0.968, 15.968], "texture": "#6"},
				"down": {"uv": [0.032, 15.032, 0.968, 15.968], "texture": "#6"}
			}
		},
		{
			"from": [1, 2.75, 7.625],
			"to": [1.5, 6.375, 8.375],
			"rotation": {"angle": 0, "axis": "z", "origin": [1.25, 4.4375, 8]},
			"faces": {
				"north": {"uv": [0.032, 15.032, 0.968, 15.968], "rotation": 270, "texture": "#6"},
				"east": {"uv": [0.032, 15.032, 0.968, 15.968], "rotation": 270, "texture": "#6"},
				"south": {"uv": [0.032, 15.032, 0.968, 15.968], "rotation": 270, "texture": "#6"},
				"west": {"uv": [0.032, 15.032, 0.968, 15.968], "rotation": 270, "texture": "#6"},
				"up": {"uv": [0.032, 15.032, 0.968, 15.968], "rotation": 270, "texture": "#6"},
				"down": {"uv": [0.032, 15.032, 0.968, 15.968], "rotation": 270, "texture": "#6"}
			}
		},
		{
			"from": [8.375, 1.25, 7.625],
			"to": [9.875, 3.25, 8.375],
			"rotation": {"angle": 0, "axis": "z", "origin": [9.5, 3, 8]},
			"faces": {
				"north": {"uv": [2.032, 15.032, 2.968, 15.968], "texture": "#6"},
				"east": {"uv": [2.032, 15.032, 2.968, 15.968], "texture": "#6"},
				"south": {"uv": [2.032, 15.032, 2.968, 15.968], "texture": "#6"},
				"west": {"uv": [2.032, 15.032, 2.968, 15.968], "texture": "#6"},
				"down": {"uv": [2.032, 15.032, 2.968, 15.968], "texture": "#6"}
			}
		},
		{
			"from": [8, 3.25, 7.5],
			"to": [10.25, 4.25, 8.5],
			"rotation": {"angle": 0, "axis": "z", "origin": [9.125, 3.75, 8]},
			"faces": {
				"north": {"uv": [2.032, 15.032, 2.968, 15.968], "texture": "#6"},
				"east": {"uv": [2.032, 15.032, 2.968, 15.968], "texture": "#6"},
				"south": {"uv": [2.032, 15.032, 2.968, 15.968], "texture": "#6"},
				"west": {"uv": [2.032, 15.032, 2.968, 15.968], "texture": "#6"},
				"down": {"uv": [2.032, 15.032, 2.968, 15.968], "texture": "#6"}
			}
		},
		{
			"from": [5.59963, 3.09724, 7.6],
			"to": [6.84963, 4.59724, 8.4],
			"rotation": {"angle": 0, "axis": "z", "origin": [6.22463, 3.97224, 8]},
			"faces": {
				"north": {"uv": [4.032, 15.032, 4.968, 15.968], "texture": "#6"},
				"east": {"uv": [4.032, 15.032, 4.968, 15.968], "texture": "#6"},
				"south": {"uv": [4.032, 15.032, 4.968, 15.968], "texture": "#6"},
				"west": {"uv": [4.032, 15.032, 4.968, 15.968], "texture": "#6"}
			}
		},
		{
			"from": [5.40802, 1.88399, 7.6],
			"to": [6.65802, 3.38399, 8.4],
			"rotation": {"angle": -22.5, "axis": "z", "origin": [6.03302, 2.75899, 8]},
			"faces": {
				"north": {"uv": [4.032, 15.032, 4.968, 15.968], "texture": "#6"},
				"east": {"uv": [4.032, 15.032, 4.968, 15.968], "texture": "#6"},
				"south": {"uv": [4.032, 15.032, 4.968, 15.968], "texture": "#6"},
				"west": {"uv": [4.032, 15.032, 4.968, 15.968], "texture": "#6"},
				"down": {"uv": [4.032, 15.032, 4.968, 15.968], "texture": "#6"}
			}
		},
		{
			"from": [6.75, 3, 8],
			"to": [8, 4.25, 8],
			"rotation": {"angle": 0, "axis": "y", "origin": [7.5, 7.5, 8]},
			"faces": {
				"north": {"uv": [0.032, 0.032, 4.968, 4.968], "texture": "#6"},
				"south": {"uv": [4.968, 0.032, 0.032, 4.968], "texture": "#6"}
			}
		},
		{
			"from": [13.375, 5.425, 7.75],
			"to": [14.125, 5.925, 8.25],
			"rotation": {"angle": -45, "axis": "x", "origin": [13.625, 5.675, 8]},
			"faces": {
				"north": {"uv": [4, 15.032, 4.936, 15.968], "texture": "#6"},
				"east": {"uv": [4, 15.032, 4.936, 15.968], "texture": "#6"},
				"south": {"uv": [4, 15.032, 4.936, 15.968], "texture": "#6"},
				"west": {"uv": [4, 15.032, 4.936, 15.968], "texture": "#6"},
				"up": {"uv": [4, 15.032, 4.936, 15.968], "texture": "#6"},
				"down": {"uv": [4, 15.032, 4.936, 15.968], "texture": "#6"}
			}
		},
		{
			"from": [13.99088, 4.6725, 7.625],
			"to": [14.84088, 5.4225, 8.375],
			"rotation": {"angle": 0, "axis": "y", "origin": [14.71588, 5.13, 8]},
			"faces": {
				"north": {"uv": [4.032, 15.032, 4.968, 15.968], "texture": "#6"},
				"east": {"uv": [1.032, 2.032, 1.968, 2.968], "texture": "#6"},
				"south": {"uv": [4.032, 15.032, 4.968, 15.968], "texture": "#6"},
				"west": {"uv": [4.032, 15.032, 4.968, 15.968], "texture": "#6"},
				"up": {"uv": [4.032, 15.032, 4.968, 15.968], "texture": "#6"},
				"down": {"uv": [4.032, 15.032, 4.968, 15.968], "texture": "#6"}
			}
		}
	],
	"gui_light": "front",
	"display": {
		"thirdperson_righthand": {
			"rotation": [0, 90, 0],
			"translation": [0, 4.25, -0.25]
		},
		"thirdperson_lefthand": {
			"rotation": [0, -90, 0],
			"translation": [0, 4.25, -0.25]
		},
		"firstperson_righthand": {
			"rotation": [0, 90, 0],
			"translation": [-1, 6.5, 1.5]
		},
		"firstperson_lefthand": {
			"rotation": [0, -90, 0],
			"translation": [-1, 6.5, 1.5]
		},
		"ground": {
			"rotation": [90, 0, 0],
			"translation": [0, -2.75, 4]
		},
		"gui": {
			"rotation": [0, 0, 45],
			"translation": [-2.25, 3.75, 0],
			"scale": [1.3, 1.3, 1.3]
		},
		"fixed": {
			"rotation": [0, -180, 45],
			"translation": [2.75, 3.5, 0],
			"scale": [1.3, 1.3, 1.3]
		}
	}
}