{
	"credit": "Made with Blockbench",
	"textures": {
		"0": "custom/weapons/guns/m58b",
		"particle": "custom/weapons/guns/m58b"
	},
	"elements": [
		{
			"from": [4.5, 2.675, 7.5],
			"to": [9, 4.175, 8.5],
			"rotation": {"angle": 0, "axis": "y", "origin": [6.75, 3.425, 8]},
			"faces": {
				"north": {"uv": [0, 15, 1, 16], "texture": "#0"},
				"east": {"uv": [0, 15, 1, 16], "texture": "#0"},
				"south": {"uv": [0, 15, 1, 16], "texture": "#0"},
				"west": {"uv": [0, 15, 1, 16], "texture": "#0"},
				"up": {"uv": [0, 15, 1, 16], "texture": "#0"},
				"down": {"uv": [0, 15, 1, 16], "texture": "#0"}
			}
		},
		{
			"from": [3.4403, 2.46421, 7.5],
			"to": [4.8403, 3.96421, 8.5],
			"rotation": {"angle": 22.5, "axis": "z", "origin": [4.1403, 3.21421, 8]},
			"faces": {
				"north": {"uv": [0, 15, 1, 16], "texture": "#0"},
				"east": {"uv": [0, 15, 1, 16], "texture": "#0"},
				"south": {"uv": [0, 15, 1, 16], "texture": "#0"},
				"west": {"uv": [0, 15, 1, 16], "texture": "#0"},
				"up": {"uv": [0, 15, 1, 16], "texture": "#0"},
				"down": {"uv": [0, 15, 1, 16], "texture": "#0"}
			}
		},
		{
			"from": [3.37439, -0.01076, 7.625],
			"to": [4.62439, 3.23924, 8.375],
			"rotation": {"angle": -22.5, "axis": "z", "origin": [3.99939, 1.61424, 8]},
			"faces": {
				"north": {"uv": [0, 3, 12, 8], "rotation": 90, "texture": "#0"},
				"east": {"uv": [4, 0, 16, 3], "rotation": 90, "texture": "#0"},
				"south": {"uv": [0, 8, 12, 3], "rotation": 90, "texture": "#0"},
				"west": {"uv": [0, 3, 1, 4], "rotation": 90, "texture": "#0"},
				"up": {"uv": [0, 3, 1, 4], "rotation": 90, "texture": "#0"},
				"down": {"uv": [0, 3, 1, 4], "rotation": 90, "texture": "#0"}
			}
		},
		{
			"from": [9, 3.57, 7.75],
			"to": [15, 4.07, 8.25],
			"rotation": {"angle": -45, "axis": "x", "origin": [12, 3.82, 8]},
			"faces": {
				"north": {"uv": [0, 15, 1, 16], "texture": "#0"},
				"east": {"uv": [3, 15, 4, 16], "texture": "#0"},
				"south": {"uv": [0, 15, 1, 16], "texture": "#0"},
				"west": {"uv": [0, 15, 1, 16], "texture": "#0"},
				"up": {"uv": [0, 15, 1, 16], "texture": "#0"},
				"down": {"uv": [0, 15, 1, 16], "texture": "#0"}
			}
		},
		{
			"from": [9, 2.745, 7.675],
			"to": [15, 3.395, 8.325],
			"rotation": {"angle": 0, "axis": "x", "origin": [12, 3.82, 7.925]},
			"faces": {
				"north": {"uv": [1, 15, 2, 16], "texture": "#0"},
				"east": {"uv": [1, 15, 2, 16], "texture": "#0"},
				"south": {"uv": [1, 15, 2, 16], "texture": "#0"},
				"west": {"uv": [1, 15, 2, 16], "texture": "#0"},
				"up": {"uv": [1, 15, 2, 16], "texture": "#0"},
				"down": {"uv": [1, 15, 2, 16], "texture": "#0"}
			}
		},
		{
			"from": [10.95, 2.595, 7.525],
			"to": [14.2, 3.545, 8.475],
			"rotation": {"angle": 0, "axis": "x", "origin": [12, 3.82, 7.775]},
			"faces": {
				"north": {"uv": [0, 14, 15, 15], "texture": "#0"},
				"east": {"uv": [0, 14, 1, 15], "texture": "#0"},
				"south": {"uv": [0, 14, 15, 15], "texture": "#0"},
				"west": {"uv": [0, 14, 1, 15], "texture": "#0"},
				"up": {"uv": [0, 14, 15, 15], "texture": "#0"},
				"down": {"uv": [0, 14, 15, 15], "texture": "#0"}
			}
		},
		{
			"from": [4.5, 1.5, 8],
			"to": [6.75, 2.75, 8],
			"rotation": {"angle": 0, "axis": "y", "origin": [7.5, 7.5, 7]},
			"faces": {
				"north": {"uv": [0, 8, 9, 13], "texture": "#0"},
				"east": {"uv": [0, 0, 0, 1.25], "texture": "#0"},
				"south": {"uv": [9, 8, 0, 13], "texture": "#0"},
				"west": {"uv": [0, 0, 0, 1.25], "texture": "#0"},
				"up": {"uv": [0, 0, 2.25, 0], "texture": "#0"},
				"down": {"uv": [0, 0, 2.25, 0], "texture": "#0"}
			}
		}
	],
	"gui_light": "front",
	"display": {
		"thirdperson_righthand": {
			"rotation": [0, 90, 0],
			"translation": [0.0009, 9.25, -2.25],
			"scale": [1.1, 1.5, 1.5]
		},
		"thirdperson_lefthand": {
			"rotation": [0, -90, 0],
			"translation": [0.0009, 9.25, -2.25],
			"scale": [1.1, 1.5, 1.5]
		},
		"firstperson_righthand": {
			"rotation": [0, 90, 0],
			"translation": [-0.5, 11, -0.25],
			"scale": [1.1, 1.5, 1.5]
		},
		"firstperson_lefthand": {
			"rotation": [0, -90, 0],
			"translation": [0, 11, -0.25],
			"scale": [1.1, 1.5, 1.5]
		},
		"ground": {
			"rotation": [90, 0, 0],
			"translation": [0, -3.25, 5.25]
		},
		"gui": {
			"rotation": [0, 0, 45],
			"translation": [-5, 4, 0],
			"scale": [1.25, 1.25, 1.25]
		},
		"fixed": {
			"rotation": [0, -180, 45],
			"translation": [4, 3.25, 0]
		}
	}
}