{
	"credit": "Made with Blockbench",
	"textures": {
		"0": "custom/weapons/guns/mcx",
		"particle": "custom/weapons/guns/mcx"
	},
	"elements": [
		{
			"from": [6.2, 3.05, 7.25],
			"to": [13.5, 4.55, 8.75],
			"rotation": {"angle": 0, "axis": "y", "origin": [9.85, 3.8, 8]},
			"faces": {
				"north": {"uv": [0.032, 0.032, 0.968, 0.968], "texture": "#0"},
				"south": {"uv": [0.032, 0.032, 0.968, 0.968], "texture": "#0"},
				"up": {"uv": [0.032, 0.032, 0.968, 0.968], "texture": "#0"},
				"down": {"uv": [0.032, 0.032, 0.968, 0.968], "texture": "#0"}
			}
		},
		{
			"from": [8.35, 2.95, 7.1255],
			"to": [13.9, 3.65, 8.8745],
			"rotation": {"angle": 0, "axis": "y", "origin": [11.5, 3.3, 8.0005]},
			"faces": {
				"north": {"uv": [0.032, 1.032, 0.968, 1.968], "texture": "#0"},
				"east": {"uv": [0.032, 1.032, 0.968, 1.968], "texture": "#0"},
				"south": {"uv": [0.032, 1.032, 0.968, 1.968], "texture": "#0"},
				"west": {"uv": [0.032, 1.032, 0.968, 1.968], "texture": "#0"},
				"up": {"uv": [0.032, 1.032, 0.968, 1.968], "texture": "#0"},
				"down": {"uv": [0.032, 1.032, 0.968, 1.968], "texture": "#0"}
			}
		},
		{
			"from": [13.25806, 2.72197, 7.126],
			"to": [13.95806, 3.27197, 8.874],
			"rotation": {"angle": 45, "axis": "z", "origin": [13.60806, 2.99697, 8.001]},
			"faces": {
				"north": {"uv": [0.032, 1.032, 0.968, 1.968], "rotation": 270, "texture": "#0"},
				"east": {"uv": [0.032, 1.032, 0.968, 1.968], "rotation": 270, "texture": "#0"},
				"south": {"uv": [0.032, 1.032, 0.968, 1.968], "rotation": 270, "texture": "#0"},
				"down": {"uv": [0.032, 1.032, 0.968, 1.968], "rotation": 270, "texture": "#0"}
			}
		},
		{
			"from": [12.85503, 2.55503, 7.1255],
			"to": [13.55503, 3.10503, 8.8745],
			"rotation": {"angle": 0, "axis": "z", "origin": [13.20503, 2.83003, 8.0005]},
			"faces": {
				"north": {"uv": [0.032, 1.032, 0.968, 1.968], "rotation": 270, "texture": "#0"},
				"east": {"uv": [0.032, 1.032, 0.968, 1.968], "rotation": 270, "texture": "#0"},
				"south": {"uv": [0.032, 1.032, 0.968, 1.968], "rotation": 270, "texture": "#0"},
				"west": {"uv": [0.032, 1.032, 0.968, 1.968], "rotation": 270, "texture": "#0"},
				"down": {"uv": [0.032, 1.032, 0.968, 1.968], "rotation": 270, "texture": "#0"}
			}
		},
		{
			"from": [12.45199, 2.72197, 7.126],
			"to": [13.15199, 3.27197, 8.874],
			"rotation": {"angle": -45, "axis": "z", "origin": [12.80199, 2.99697, 8.001]},
			"faces": {
				"north": {"uv": [0.032, 1.032, 0.968, 1.968], "rotation": 270, "texture": "#0"},
				"south": {"uv": [0.032, 1.032, 0.968, 1.968], "rotation": 270, "texture": "#0"},
				"down": {"uv": [0.032, 1.032, 0.968, 1.968], "rotation": 270, "texture": "#0"}
			}
		},
		{
			"from": [2.8, 3.05, 7.25],
			"to": [6.2, 4.55, 8.75],
			"rotation": {"angle": 0, "axis": "y", "origin": [4.5, 3.8, 8]},
			"faces": {
				"north": {"uv": [0.032, 0.032, 0.968, 0.968], "texture": "#0"},
				"south": {"uv": [0.032, 0.032, 0.968, 0.968], "texture": "#0"},
				"west": {"uv": [0.032, 0.032, 0.968, 0.968], "texture": "#0"},
				"up": {"uv": [0.032, 0.032, 0.968, 0.968], "texture": "#0"},
				"down": {"uv": [0.032, 0.032, 0.968, 0.968], "texture": "#0"}
			}
		},
		{
			"from": [13.5, 3.05, 7.25],
			"to": [14.05, 4.55, 8.75],
			"rotation": {"angle": 0, "axis": "y", "origin": [13.775, 3.8, 8]},
			"faces": {
				"north": {"uv": [0.032, 0.032, 0.968, 0.968], "texture": "#0"},
				"east": {"uv": [11.032, 0.032, 14.968, 4.968], "texture": "#0"},
				"south": {"uv": [0.032, 0.032, 0.968, 0.968], "texture": "#0"},
				"up": {"uv": [0.032, 0.032, 0.968, 0.968], "texture": "#0"}
			}
		},
		{
			"from": [7.075, 2.3, 7.125],
			"to": [8.4, 3.425, 8.875],
			"rotation": {"angle": 0, "axis": "y", "origin": [7.7375, 2.8625, 8]},
			"faces": {
				"north": {"uv": [0.032, 0.032, 0.968, 0.968], "texture": "#0"},
				"east": {"uv": [0.032, 0.032, 0.968, 0.968], "texture": "#0"},
				"south": {"uv": [0.032, 0.032, 0.968, 0.968], "texture": "#0"},
				"west": {"uv": [0.032, 0.032, 0.968, 0.968], "texture": "#0"},
				"up": {"uv": [0.032, 0.032, 0.968, 0.968], "texture": "#0"},
				"down": {"uv": [0.032, 0.032, 0.968, 0.968], "texture": "#0"}
			}
		},
		{
			"from": [7.4221, -0.06522, 7.3995],
			"to": [8.4221, 1.13478, 8.6005],
			"rotation": {"angle": 22.5, "axis": "z", "origin": [7.9221, 0.53478, 7.8995]},
			"faces": {
				"north": {"uv": [4.032, 0.032, 4.968, 0.968], "texture": "#0"},
				"east": {"uv": [4.032, 0.032, 4.968, 0.968], "texture": "#0"},
				"south": {"uv": [4.032, 0.032, 4.968, 0.968], "texture": "#0"},
				"west": {"uv": [4.032, 0.032, 4.968, 0.968], "texture": "#0"},
				"up": {"uv": [4.032, 0.032, 4.968, 0.968], "texture": "#0"},
				"down": {"uv": [4.032, 0.032, 4.968, 0.968], "texture": "#0"}
			}
		},
		{
			"from": [7.23055, 0.89776, 7.4],
			"to": [8.18055, 2.39776, 8.6],
			"rotation": {"angle": 0, "axis": "z", "origin": [7.70555, 1.64776, 7.9]},
			"faces": {
				"north": {"uv": [4.032, 0.032, 4.968, 0.968], "texture": "#0"},
				"east": {"uv": [4.032, 0.032, 4.968, 0.968], "texture": "#0"},
				"south": {"uv": [4.032, 0.032, 4.968, 0.968], "texture": "#0"},
				"west": {"uv": [4.032, 0.032, 4.968, 0.968], "texture": "#0"}
			}
		},
		{
			"from": [3.18425, 0.29789, 7.6745],
			"to": [4.43425, 2.04789, 8.3255],
			"rotation": {"angle": -22.5, "axis": "z", "origin": [3.80925, 1.17289, 7.9995]},
			"faces": {
				"north": {"uv": [4.032, 0.032, 4.968, 0.968], "texture": "#0"},
				"east": {"uv": [4.032, 0.032, 4.968, 0.968], "texture": "#0"},
				"south": {"uv": [4.032, 0.032, 4.968, 0.968], "texture": "#0"},
				"west": {"uv": [4.032, 0.032, 4.968, 0.968], "texture": "#0"},
				"up": {"uv": [4.032, 0.032, 4.968, 0.968], "texture": "#0"},
				"down": {"uv": [4.032, 0.032, 4.968, 0.968], "texture": "#0"}
			}
		},
		{
			"from": [3.47153, 1.7421, 7.675],
			"to": [4.72153, 3.2421, 8.325],
			"rotation": {"angle": 0, "axis": "z", "origin": [4.09653, 2.4921, 8]},
			"faces": {
				"north": {"uv": [4.032, 0.032, 4.968, 0.968], "texture": "#0"},
				"east": {"uv": [4.032, 0.032, 4.968, 0.968], "texture": "#0"},
				"south": {"uv": [4.032, 0.032, 4.968, 0.968], "texture": "#0"},
				"west": {"uv": [4.032, 0.032, 4.968, 0.968], "texture": "#0"}
			}
		},
		{
			"from": [4.72153, 2.7421, 7.675],
			"to": [7.22153, 3.2421, 8.325],
			"rotation": {"angle": 0, "axis": "z", "origin": [3.34653, 2.4921, 8]},
			"faces": {
				"north": {"uv": [4.032, 0.032, 4.968, 0.968], "texture": "#0"},
				"south": {"uv": [4.032, 0.032, 4.968, 0.968], "texture": "#0"},
				"down": {"uv": [4.032, 0.032, 4.968, 0.968], "texture": "#0"}
			}
		},
		{
			"from": [2.18925, 3.32915, 7.625],
			"to": [3.21425, 4.07915, 8.375],
			"rotation": {"angle": -45, "axis": "z", "origin": [2.70175, 3.70415, 8]},
			"faces": {
				"north": {"uv": [2.032, 0.032, 2.968, 0.968], "rotation": 270, "texture": "#0"},
				"east": {"uv": [2.032, 0.032, 2.968, 0.968], "rotation": 270, "texture": "#0"},
				"south": {"uv": [2.032, 0.032, 2.968, 0.968], "rotation": 270, "texture": "#0"},
				"down": {"uv": [2.032, 0.032, 2.968, 0.968], "rotation": 270, "texture": "#0"}
			}
		},
		{
			"from": [-1.62048, 3.65671, 7.625],
			"to": [2.85452, 4.33171, 8.375],
			"rotation": {"angle": 0, "axis": "z", "origin": [0.61702, 3.99421, 8]},
			"faces": {
				"north": {"uv": [2.032, 0.032, 2.968, 0.968], "rotation": 270, "texture": "#0"},
				"south": {"uv": [2.032, 0.032, 2.968, 0.968], "rotation": 270, "texture": "#0"},
				"up": {"uv": [2.032, 0.032, 2.968, 0.968], "rotation": 270, "texture": "#0"},
				"down": {"uv": [2.032, 0.032, 2.968, 0.968], "rotation": 270, "texture": "#0"}
			}
		},
		{
			"from": [-2.09548, 2.90671, 7.375],
			"to": [-1.62048, 4.58171, 8.625],
			"rotation": {"angle": 0, "axis": "z", "origin": [-1.85798, 3.74421, 8]},
			"faces": {
				"north": {"uv": [2.032, 0.032, 2.968, 0.968], "rotation": 270, "texture": "#0", "cullface": "west"},
				"east": {"uv": [2.032, 0.032, 2.968, 0.968], "rotation": 270, "texture": "#0", "cullface": "west"},
				"south": {"uv": [2.032, 0.032, 2.968, 0.968], "rotation": 270, "texture": "#0", "cullface": "west"},
				"west": {"uv": [2.032, 0.032, 2.968, 0.968], "rotation": 270, "texture": "#0", "cullface": "west"},
				"up": {"uv": [2.032, 0.032, 2.968, 0.968], "rotation": 270, "texture": "#0", "cullface": "west"},
				"down": {"uv": [2.032, 0.032, 2.968, 0.968], "rotation": 270, "texture": "#0", "cullface": "west"}
			}
		},
		{
			"from": [3.65, 4.5, 7.875],
			"to": [13.05, 4.825, 8.125],
			"rotation": {"angle": 0, "axis": "y", "origin": [8.25, 4.6625, 8]},
			"faces": {
				"north": {"uv": [1.032, 0.032, 1.968, 0.968], "texture": "#0"},
				"south": {"uv": [1.032, 0.032, 1.968, 0.968], "texture": "#0"},
				"west": {"uv": [1.032, 0.032, 1.968, 0.968], "texture": "#0"},
				"up": {"uv": [1.032, 0.032, 1.968, 0.968], "texture": "#0"}
			}
		},
		{
			"from": [12.91789, 4.05, 7.5],
			"to": [13.84289, 5.05, 8.5],
			"rotation": {"angle": -45, "axis": "z", "origin": [13.34289, 4.55, 8]},
			"faces": {
				"north": {"uv": [3.032, 0.032, 3.968, 0.968], "texture": "#0"},
				"south": {"uv": [3.032, 0.032, 3.968, 0.968], "texture": "#0"},
				"west": {"uv": [3.032, 0.032, 3.968, 0.968], "texture": "#0"},
				"up": {"uv": [3.032, 0.032, 3.968, 0.968], "texture": "#0"}
			}
		},
		{
			"from": [4.47153, 1.4921, 8],
			"to": [6.97153, 2.9921, 8],
			"rotation": {"angle": 0, "axis": "y", "origin": [6.47153, 8.2421, 8]},
			"faces": {
				"north": {"uv": [1.032, 3.032, 9.968, 7.968], "texture": "#0"},
				"south": {"uv": [9.968, 3.032, 1.032, 7.968], "texture": "#0"}
			}
		}
	],
	"gui_light": "front",
	"display": {
		"thirdperson_righthand": {
			"rotation": [0, 90, 0],
			"translation": [0, 5, -2]
		},
		"thirdperson_lefthand": {
			"rotation": [0, -90, 0],
			"translation": [0, 5, -2]
		},
		"firstperson_righthand": {
			"rotation": [0, 90, 0],
			"translation": [0, 8.5, -0.5]
		},
		"firstperson_lefthand": {
			"rotation": [0, -90, 0],
			"translation": [0, 8.5, -0.5]
		},
		"ground": {
			"rotation": [90, 0, 0],
			"translation": [2.25, -2.25, 5]
		},
		"gui": {
			"rotation": [0, 0, 45],
			"translation": [-2, 4, 0]
		},
		"fixed": {
			"rotation": [0, -180, 45],
			"translation": [1.5, 4.25, 0]
		}
	}
}