{
	"credit": "Made with Blockbench",
	"textures": {
		"0": "custom/weapons/guns/mk18",
		"particle": "custom/weapons/guns/mk18"
	},
	"elements": [
		{
			"from": [4.75, 3.5, 7.5],
			"to": [11.6, 5, 8.5],
			"rotation": {"angle": 0, "axis": "y", "origin": [7.9077, 3.71992, 7.99993]},
			"faces": {
				"north": {"uv": [0.032, 15.032, 0.968, 15.968], "texture": "#0"},
				"south": {"uv": [0.032, 15.032, 0.968, 15.968], "texture": "#0"},
				"west": {"uv": [0.032, 15.032, 0.968, 15.968], "texture": "#0"},
				"up": {"uv": [0.032, 15.032, 0.968, 15.968], "texture": "#0"},
				"down": {"uv": [0.032, 15.032, 0.968, 15.968], "texture": "#0"}
			}
		},
		{
			"from": [5.83002, 5.8579, 7.5],
			"to": [6.58002, 6.8579, 8.499],
			"rotation": {"angle": 45, "axis": "z", "origin": [7.9077, 3.71992, 7.99993]},
			"faces": {
				"north": {"uv": [0.032, 15.032, 0.968, 15.968], "rotation": 270, "texture": "#0"},
				"south": {"uv": [0.032, 15.032, 0.968, 15.968], "rotation": 270, "texture": "#0"},
				"up": {"uv": [0.032, 15.032, 0.968, 15.968], "rotation": 270, "texture": "#0"}
			}
		},
		{
			"from": [4.21967, 3.49997, 7.5],
			"to": [5.21967, 4.46967, 8.4998],
			"rotation": {"angle": 0, "axis": "z", "origin": [7.9077, 3.71992, 7.99993]},
			"faces": {
				"north": {"uv": [0.032, 15.032, 0.9697, 15.968], "rotation": 270, "texture": "#0"},
				"east": {"uv": [0.032, 15.032, 0.9697, 15.968], "rotation": 270, "texture": "#0"},
				"south": {"uv": [0.032, 15.032, 0.9697, 15.968], "rotation": 270, "texture": "#0"},
				"up": {"uv": [0.032, 15.032, 0.9697, 15.968], "rotation": 270, "texture": "#0"},
				"down": {"uv": [0.032, 15.032, 0.9697, 15.968], "rotation": 270, "texture": "#0"}
			}
		},
		{
			"from": [3.11967, 3.49997, 7.5],
			"to": [4.21967, 4.46967, 8.4998],
			"rotation": {"angle": 0, "axis": "z", "origin": [7.9077, 3.71992, 7.99993]},
			"faces": {
				"north": {"uv": [1.032, 15.032, 1.968, 15.968], "rotation": 270, "texture": "#0"},
				"south": {"uv": [1.032, 15.032, 1.968, 15.968], "rotation": 270, "texture": "#0"},
				"west": {"uv": [1.032, 15.032, 1.968, 15.968], "rotation": 270, "texture": "#0"},
				"up": {"uv": [1.032, 15.032, 1.968, 15.968], "rotation": 270, "texture": "#0"},
				"down": {"uv": [1.032, 15.032, 1.968, 15.968], "rotation": 270, "texture": "#0"}
			}
		},
		{
			"from": [4.36642, 6.94993, 7.5005],
			"to": [5.0522, 7.63572, 8.4995],
			"rotation": {"angle": 45, "axis": "z", "origin": [7.9077, 3.71992, 7.99993]},
			"faces": {
				"north": {"uv": [1.032, 15.032, 1.968, 15.968], "rotation": 270, "texture": "#0"},
				"south": {"uv": [1.032, 15.032, 1.968, 15.968], "rotation": 270, "texture": "#0"},
				"west": {"uv": [1.032, 15.032, 1.968, 15.968], "rotation": 270, "texture": "#0"},
				"up": {"uv": [1.032, 15.032, 1.968, 15.968], "rotation": 270, "texture": "#0"},
				"down": {"uv": [1.032, 15.032, 1.968, 15.968], "rotation": 270, "texture": "#0"}
			}
		},
		{
			"from": [0.81967, 3.96967, 7.6875],
			"to": [3.11967, 4.46967, 8.3125],
			"rotation": {"angle": 0, "axis": "z", "origin": [7.9077, 3.71992, 7.99993]},
			"faces": {
				"north": {"uv": [2.032, 15.032, 2.968, 15.968], "rotation": 270, "texture": "#0"},
				"south": {"uv": [2.032, 15.032, 2.968, 15.968], "rotation": 270, "texture": "#0"},
				"up": {"uv": [2.032, 15.032, 2.968, 15.968], "rotation": 270, "texture": "#0"},
				"down": {"uv": [2.032, 15.032, 2.968, 15.968], "rotation": 270, "texture": "#0"}
			}
		},
		{
			"from": [0.31967, 2.21967, 7.6875],
			"to": [0.81967, 4.46967, 8.3125],
			"rotation": {"angle": 0, "axis": "z", "origin": [7.9077, 3.71992, 7.99993]},
			"faces": {
				"north": {"uv": [2.032, 15.032, 2.968, 15.968], "rotation": 270, "texture": "#0"},
				"east": {"uv": [2.032, 15.032, 2.968, 15.968], "rotation": 270, "texture": "#0"},
				"south": {"uv": [2.032, 15.032, 2.968, 15.968], "rotation": 270, "texture": "#0"},
				"west": {"uv": [2.032, 15.032, 2.968, 15.968], "rotation": 270, "texture": "#0"},
				"up": {"uv": [2.032, 15.032, 2.968, 15.968], "rotation": 270, "texture": "#0"},
				"down": {"uv": [2.032, 15.032, 2.968, 15.968], "rotation": 270, "texture": "#0"}
			}
		},
		{
			"from": [0.78509, 5.04634, 7.6875],
			"to": [4.28509, 5.54634, 8.31125],
			"rotation": {"angle": 22.5, "axis": "z", "origin": [7.9077, 3.71992, 7.99993]},
			"faces": {
				"north": {"uv": [2.032, 15.032, 2.968, 15.968], "rotation": 180, "texture": "#0"},
				"south": {"uv": [2.032, 15.032, 2.968, 15.968], "rotation": 180, "texture": "#0"},
				"up": {"uv": [2.032, 15.032, 2.968, 15.968], "rotation": 180, "texture": "#0"},
				"down": {"uv": [2.032, 15.032, 2.968, 15.968], "rotation": 180, "texture": "#0"}
			}
		},
		{
			"from": [10.4, 3.25, 7.25],
			"to": [13.4, 4.5, 8.75],
			"rotation": {"angle": 0, "axis": "y", "origin": [7.9077, 3.71992, 7.87493]},
			"faces": {
				"north": {"uv": [1.032, 15.032, 1.968, 15.968], "texture": "#0"},
				"east": {"uv": [1.032, 15.032, 1.968, 15.968], "texture": "#0"},
				"south": {"uv": [1.032, 15.032, 1.968, 15.968], "texture": "#0"},
				"west": {"uv": [1.032, 15.032, 1.968, 15.968], "texture": "#0"},
				"up": {"uv": [1.032, 15.032, 1.968, 15.968], "texture": "#0"},
				"down": {"uv": [1.032, 15.032, 1.968, 15.968], "texture": "#0"}
			}
		},
		{
			"from": [11.55, 4.5, 7.5],
			"to": [13.4, 5, 8.5],
			"rotation": {"angle": 0, "axis": "y", "origin": [7.9077, 3.71992, 7.99993]},
			"faces": {
				"north": {"uv": [1.032, 15.032, 1.968, 15.968], "texture": "#0"},
				"east": {"uv": [1.032, 15.032, 1.968, 15.968], "texture": "#0"},
				"south": {"uv": [1.032, 15.032, 1.968, 15.968], "texture": "#0"},
				"up": {"uv": [1.032, 15.032, 1.968, 15.968], "texture": "#0"}
			}
		},
		{
			"from": [13.425, 3.60327, 7.88338],
			"to": [17.425, 4.30327, 8.58338],
			"rotation": {"angle": -45, "axis": "x", "origin": [7.9077, 3.71992, 7.99993]},
			"faces": {
				"north": {"uv": [0.032, 15.032, 0.968, 15.968], "texture": "#0"},
				"east": {"uv": [3.032, 0.032, 3.968, 0.968], "texture": "#0", "cullface": "east"},
				"south": {"uv": [0.032, 15.032, 0.968, 15.968], "texture": "#0"},
				"west": {"uv": [0.032, 15.032, 0.968, 15.968], "texture": "#0"},
				"up": {"uv": [0.032, 15.032, 0.968, 15.968], "texture": "#0"},
				"down": {"uv": [0.032, 15.032, 0.968, 15.968], "texture": "#0"}
			}
		},
		{
			"from": [16.3187, 4.38, 8],
			"to": [16.9187, 5.18, 8],
			"rotation": {"angle": 0, "axis": "y", "origin": [7.9077, 3.71992, 7.99993]},
			"faces": {
				"north": {"uv": [7.032, 0.032, 9.968, 3.968], "texture": "#0", "cullface": "east"},
				"south": {"uv": [9.968, 0.032, 7.032, 3.968], "texture": "#0", "cullface": "east"}
			}
		},
		{
			"from": [13.45872, 4.655, 7.75],
			"to": [14.70872, 4.905, 8.25],
			"rotation": {"angle": 0, "axis": "y", "origin": [7.9077, 3.71992, 7.99993]},
			"faces": {
				"north": {"uv": [0.032, 15.032, 0.968, 15.968], "texture": "#0"},
				"south": {"uv": [0.032, 15.032, 0.968, 15.968], "texture": "#0"},
				"west": {"uv": [0.032, 15.032, 0.968, 15.968], "texture": "#0"},
				"up": {"uv": [0.032, 15.032, 0.968, 15.968], "texture": "#0"},
				"down": {"uv": [0.032, 15.032, 0.968, 15.968], "texture": "#0"}
			}
		},
		{
			"from": [13.30472, -1.20115, 7.75],
			"to": [13.55472, -0.25115, 8.25],
			"rotation": {"angle": 45, "axis": "z", "origin": [7.9077, 3.71992, 7.99993]},
			"faces": {
				"north": {"uv": [0.032, 15.032, 0.968, 15.968], "rotation": 270, "texture": "#0"},
				"east": {"uv": [0.032, 15.032, 0.968, 15.968], "rotation": 270, "texture": "#0"},
				"south": {"uv": [0.032, 15.032, 0.968, 15.968], "rotation": 270, "texture": "#0"},
				"west": {"uv": [0.032, 15.032, 0.968, 15.968], "rotation": 270, "texture": "#0"},
				"down": {"uv": [0.032, 15.032, 0.968, 15.968], "rotation": 270, "texture": "#0"}
			}
		},
		{
			"from": [7.75, 2, 7.625],
			"to": [9.45, 3.5, 8.375],
			"rotation": {"angle": 0, "axis": "z", "origin": [7.9077, 3.71992, 7.99993]},
			"faces": {
				"north": {"uv": [2.032, 15.032, 2.968, 15.968], "texture": "#0"},
				"east": {"uv": [2.032, 15.032, 2.968, 15.968], "texture": "#0"},
				"south": {"uv": [2.032, 15.032, 2.968, 15.968], "texture": "#0"},
				"west": {"uv": [2.032, 15.032, 2.968, 15.968], "texture": "#0"}
			}
		},
		{
			"from": [6.58002, 0.26526, 7.625],
			"to": [8.08002, 2.61526, 8.375],
			"rotation": {"angle": 45, "axis": "z", "origin": [7.9077, 3.71992, 7.99993]},
			"faces": {
				"north": {"uv": [2.032, 15.032, 2.968, 15.968], "texture": "#0"},
				"east": {"uv": [2.032, 15.032, 2.968, 15.968], "texture": "#0"},
				"south": {"uv": [2.032, 15.032, 2.968, 15.968], "texture": "#0"},
				"west": {"uv": [2.032, 15.032, 2.968, 15.968], "texture": "#0"},
				"down": {"uv": [2.032, 15.032, 2.968, 15.968], "texture": "#0"}
			}
		},
		{
			"from": [5, 2.5, 7.625],
			"to": [6, 3.5, 8.375],
			"rotation": {"angle": 0, "axis": "z", "origin": [7.9077, 3.71992, 7.99993]},
			"faces": {
				"north": {"uv": [1.032, 15.032, 1.968, 15.968], "texture": "#0"},
				"east": {"uv": [1.032, 15.032, 1.968, 15.968], "texture": "#0"},
				"south": {"uv": [1.032, 15.032, 1.968, 15.968], "texture": "#0"},
				"west": {"uv": [1.032, 15.032, 1.968, 15.968], "texture": "#0"}
			}
		},
		{
			"from": [5.61206, 0.61282, 7.625],
			"to": [6.61206, 1.86282, 8.375],
			"rotation": {"angle": -22.5, "axis": "z", "origin": [7.9077, 3.71992, 7.99993]},
			"faces": {
				"north": {"uv": [1.032, 15.032, 1.968, 15.968], "texture": "#0"},
				"east": {"uv": [1.032, 15.032, 1.968, 15.968], "texture": "#0"},
				"south": {"uv": [1.032, 15.032, 1.968, 15.968], "texture": "#0"},
				"west": {"uv": [1.032, 15.032, 1.968, 15.968], "texture": "#0"},
				"down": {"uv": [1.032, 15.032, 1.968, 15.968], "texture": "#0"}
			}
		},
		{
			"from": [6, 2.5, 8],
			"to": [7.75, 3.5, 8],
			"rotation": {"angle": 0, "axis": "y", "origin": [7.9077, 3.71992, 7.99993]},
			"faces": {
				"north": {"uv": [0.032, 0.032, 6.968, 3.968], "texture": "#0"},
				"south": {"uv": [6.968, 0.032, 0.032, 3.968], "texture": "#0"}
			}
		}
	],
	"gui_light": "front",
	"display": {
		"thirdperson_righthand": {
			"rotation": [0, 90, 0],
			"translation": [0, 4.75, -1]
		},
		"thirdperson_lefthand": {
			"rotation": [0, -90, 0],
			"translation": [0, 4.75, -1]
		},
		"firstperson_righthand": {
			"rotation": [4.5, 90, 0],
			"translation": [-1.5, 8.5, 2.25]
		},
		"firstperson_lefthand": {
			"rotation": [4.5, -90, 0],
			"translation": [-1.5, 8.5, 2.25]
		},
		"ground": {
			"rotation": [90, 0, 0],
			"translation": [-1, -3, 4.5]
		},
		"gui": {
			"rotation": [0, 0, 45],
			"translation": [-3.5, 2.5, 0]
		},
		"fixed": {
			"rotation": [0, -180, 45],
			"translation": [3.5, 2.75, 0]
		}
	}
}