{
	"credit": "Made with Blockbench",
	"textures": {
		"0": "custom/weapons/melee/knife",
		"particle": "custom/weapons/melee/knife"
	},
	"elements": [
		{
			"from": [7.4375, 0.0285, 7.4],
			"to": [8.6375, 3.6285, 8.6],
			"rotation": {"angle": 0, "axis": "y", "origin": [8, 4.38, 8]},
			"faces": {
				"north": {"uv": [1, 7, 0, 10], "texture": "#0"},
				"east": {"uv": [7, 6, 6, 9], "texture": "#0"},
				"south": {"uv": [7, 3, 6, 6], "texture": "#0"},
				"west": {"uv": [7, 0, 6, 3], "texture": "#0"},
				"up": {"uv": [8, 0, 7, 1], "rotation": 90, "texture": "#0"},
				"down": {"uv": [2, 8, 1, 7], "rotation": 270, "texture": "#0"}
			}
		},
		{
			"from": [7.2875, 3.6309, 7.85],
			"to": [8.7875, 7.8309, 8.15],
			"rotation": {"angle": 0, "axis": "y", "origin": [8, 4.38, 8]},
			"faces": {
				"north": {"uv": [5.5, 4, 4.25, 7.5], "texture": "#0"},
				"east": {"uv": [2.25, 7, 2, 10.5], "texture": "#0"},
				"south": {"uv": [5.5, 0, 4.25, 3.5], "texture": "#0"},
				"west": {"uv": [7.25, 1, 7, 4.5], "texture": "#0"},
				"up": {"uv": [3.25, 7, 3, 8.25], "rotation": 90, "texture": "#0"},
				"down": {"uv": [7.25, 6.25, 7, 5], "rotation": 270, "texture": "#0"}
			}
		},
		{
			"from": [6.9875, 3.6309, 8],
			"to": [8.7875, 9.0309, 8],
			"rotation": {"angle": 0, "axis": "y", "origin": [8, 4.38, 8]},
			"faces": {
				"north": {"uv": [3.75, 0, 2.25, 4.5], "texture": "#0"},
				"east": {"uv": [0, 0, 0, 4.5], "texture": "#0"},
				"south": {"uv": [1.75, 0, 0.25, 4.5], "texture": "#0"},
				"west": {"uv": [0, 0, 0, 4.5], "texture": "#0"},
				"up": {"uv": [0, 0, 0, 2], "rotation": 90, "texture": "#0"},
				"down": {"uv": [0, 2, 0, 0], "rotation": 270, "texture": "#0"}
			}
		},
		{
			"from": [6.8375, 3.6297, 6.8],
			"to": [9.2375, 3.6297, 9.2],
			"rotation": {"angle": 0, "axis": "y", "origin": [8, 4.38, 8]},
			"faces": {
				"north": {"uv": [2, 0, 0, 0], "texture": "#0"},
				"east": {"uv": [2, 0, 0, 0], "texture": "#0"},
				"south": {"uv": [2, 0, 0, 0], "texture": "#0"},
				"west": {"uv": [2, 0, 0, 0], "texture": "#0"},
				"up": {"uv": [2, 5, 0, 7], "rotation": 90, "texture": "#0"},
				"down": {"uv": [4, 7, 2, 5], "rotation": 270, "texture": "#0"}
			}
		}
	],
	"display": {
		"thirdperson_righthand": {
			"rotation": [0, 90, 0],
			"translation": [0, 5, 1]
		},
		"thirdperson_lefthand": {
			"rotation": [0, -90, 0],
			"translation": [0, 5, 1]
		},
		"firstperson_righthand": {
			"rotation": [0, 101, 0],
			"translation": [1.5, 7, 0]
		},
		"firstperson_lefthand": {
			"rotation": [0, -79, 0],
			"translation": [1.5, 7, 0]
		},
		"ground": {
			"rotation": [90, 0, 0],
			"translation": [0, -3, 3.25]
		},
		"gui": {
			"rotation": [0, 0, -45],
			"translation": [4.75, 5.75, 0],
			"scale": [2, 2, 2]
		},
		"fixed": {
			"rotation": [0, 0, 45],
			"translation": [-5.25, 5, -0.5],
			"scale": [2, 2, 2]
		}
	}
}