{
	"credit": "Made with Blockbench",
	"textures": {
		"19": "custom/weapons/guns/g45",
		"particle": "custom/weapons/guns/g45"
	},
	"elements": [
		{
			"from": [8.75, 2.7647, 7.6225],
			"to": [10.26, 3.0147, 8.3775],
			"rotation": {"angle": 0, "axis": "y", "origin": [9.5, 3.175, 7.9975]},
			"faces": {
				"north": {"uv": [0.032, 15.032, 0.968, 15.968], "texture": "#19"},
				"east": {"uv": [0.032, 15.032, 0.968, 15.968], "texture": "#19"},
				"south": {"uv": [0.032, 15.032, 0.968, 15.968], "texture": "#19"},
				"up": {"uv": [0.032, 15.032, 0.968, 15.968], "texture": "#19"},
				"down": {"uv": [0.032, 15.032, 0.968, 15.968], "texture": "#19"}
			}
		},
		{
			"from": [8.75, 2.5147, 7.7475],
			"to": [10.26, 2.7647, 8.2525],
			"rotation": {"angle": 0, "axis": "y", "origin": [9.5, 3.175, 7.8725]},
			"faces": {
				"north": {"uv": [0.032, 15.032, 0.968, 15.968], "texture": "#19"},
				"east": {"uv": [0.032, 15.032, 0.968, 15.968], "texture": "#19"},
				"south": {"uv": [0.032, 15.032, 0.968, 15.968], "texture": "#19"},
				"west": {"uv": [0.032, 15.032, 0.968, 15.968], "texture": "#19"},
				"down": {"uv": [0.032, 15.032, 0.968, 15.968], "texture": "#19"}
			}
		},
		{
			"from": [10.25, 3.175, 7.8],
			"to": [10.5, 3.575, 8.2],
			"rotation": {"angle": -45, "axis": "x", "origin": [10.375, 3.375, 8]},
			"faces": {
				"north": {"uv": [2.032, 15.032, 2.968, 15.968], "texture": "#19"},
				"east": {"uv": [3.032, 15.032, 3.968, 15.968], "texture": "#19"},
				"south": {"uv": [2.032, 15.032, 2.968, 15.968], "texture": "#19"},
				"west": {"uv": [2.032, 15.032, 2.968, 15.968], "texture": "#19"},
				"up": {"uv": [2.032, 15.032, 2.968, 15.968], "texture": "#19"},
				"down": {"uv": [2.032, 15.032, 2.968, 15.968], "texture": "#19"}
			}
		},
		{
			"from": [6, 2.95, 7.625],
			"to": [10.25, 3.8, 8.375],
			"rotation": {"angle": 0, "axis": "y", "origin": [7.375, 3.425, 8]},
			"faces": {
				"north": {"uv": [1.032, 15.032, 1.968, 15.968], "texture": "#19"},
				"east": {"uv": [1.032, 15.032, 1.968, 15.968], "texture": "#19"},
				"south": {"uv": [1.032, 15.032, 1.968, 15.968], "texture": "#19"},
				"west": {"uv": [1.032, 15.032, 1.968, 15.968], "texture": "#19"},
				"up": {"uv": [1.032, 15.032, 1.968, 15.968], "texture": "#19"}
			}
		},
		{
			"from": [5.80501, 2.81971, 7.62625],
			"to": [6.65501, 3.66971, 8.37375],
			"rotation": {"angle": -22.5, "axis": "z", "origin": [6.23001, 3.24471, 8.00125]},
			"faces": {
				"north": {"uv": [1.032, 15.032, 1.968, 15.968], "rotation": 90, "texture": "#19"},
				"south": {"uv": [1.032, 15.032, 1.968, 15.968], "rotation": 90, "texture": "#19"},
				"west": {"uv": [1.032, 15.032, 1.968, 15.968], "rotation": 90, "texture": "#19"}
			}
		},
		{
			"from": [5.67472, 2.7647, 7.6225],
			"to": [8.77472, 3.0147, 8.3775],
			"rotation": {"angle": 0, "axis": "y", "origin": [7.04972, 2.8897, 7.9975]},
			"faces": {
				"north": {"uv": [0.032, 15.032, 0.968, 15.968], "texture": "#19"},
				"south": {"uv": [0.032, 15.032, 0.968, 15.968], "texture": "#19"},
				"west": {"uv": [0.032, 15.032, 0.968, 15.968], "texture": "#19"},
				"up": {"uv": [0.032, 15.032, 0.968, 15.968], "texture": "#19"},
				"down": {"uv": [0.032, 15.032, 0.968, 15.968], "texture": "#19"}
			}
		},
		{
			"from": [5.99, 1.55, 7.625],
			"to": [7.24, 2.8, 8.375],
			"rotation": {"angle": 0, "axis": "y", "origin": [6.49, 2.175, 8]},
			"faces": {
				"north": {"uv": [0.032, 15.032, 0.968, 15.968], "texture": "#19"},
				"east": {"uv": [0.032, 15.032, 0.968, 15.968], "texture": "#19"},
				"south": {"uv": [0.032, 15.032, 0.968, 15.968], "texture": "#19"},
				"west": {"uv": [0.032, 15.032, 0.968, 15.968], "texture": "#19"}
			}
		},
		{
			"from": [5.87488, 0.97127, 7.625],
			"to": [7.12488, 1.87127, 8.375],
			"rotation": {"angle": -22.5, "axis": "z", "origin": [6.37488, 1.42127, 8]},
			"faces": {
				"north": {"uv": [0.032, 15.032, 0.968, 15.968], "texture": "#19"},
				"east": {"uv": [0.032, 15.032, 0.968, 15.968], "texture": "#19"},
				"south": {"uv": [0.032, 15.032, 0.968, 15.968], "texture": "#19"},
				"west": {"uv": [0.032, 15.032, 0.968, 15.968], "texture": "#19"}
			}
		},
		{
			"from": [5.74074, 0.19686, 7.625],
			"to": [6.99074, 1.19686, 8.375],
			"rotation": {"angle": 0, "axis": "y", "origin": [6.24074, 0.69686, 8]},
			"faces": {
				"north": {"uv": [0.032, 15.032, 0.968, 15.968], "texture": "#19"},
				"east": {"uv": [0.032, 15.032, 0.968, 15.968], "texture": "#19"},
				"south": {"uv": [0.032, 15.032, 0.968, 15.968], "texture": "#19"},
				"west": {"uv": [0.032, 15.032, 0.968, 15.968], "texture": "#19"},
				"down": {"uv": [0.032, 15.032, 0.968, 15.968], "texture": "#19"}
			}
		},
		{
			"from": [7.24, 1.8, 8],
			"to": [8.74, 2.8, 8],
			"rotation": {"angle": 0, "axis": "y", "origin": [7.99, 2.3, 8]},
			"faces": {
				"north": {"uv": [0.032, 0.032, 5.968, 3.968], "texture": "#19"},
				"south": {"uv": [5.968, 0.032, 0.032, 3.968], "texture": "#19"}
			}
		},
		{
			"from": [9.65, 3.8, 7.875],
			"to": [10.15, 4.05, 8.125],
			"rotation": {"angle": 0, "axis": "y", "origin": [9.9, 3.925, 8]},
			"faces": {
				"north": {"uv": [0.032, 15.032, 0.968, 15.968], "texture": "#19"},
				"east": {"uv": [0.032, 0.032, 0.968, 0.968], "texture": "#19"},
				"south": {"uv": [0.032, 0.032, 0.968, 0.968], "texture": "#19"},
				"west": {"uv": [0.032, 0.032, 0.968, 0.968], "texture": "#19"},
				"up": {"uv": [0.032, 0.032, 0.968, 0.968], "texture": "#19"}
			}
		},
		{
			"from": [6.25, 3.7, 7.875],
			"to": [6.5, 3.95, 8.125],
			"rotation": {"angle": -45, "axis": "z", "origin": [6.275, 3.925, 8]},
			"faces": {
				"north": {"uv": [0.032, 15.032, 0.968, 15.968], "texture": "#19"},
				"south": {"uv": [0.032, 0.032, 0.968, 0.968], "texture": "#19"},
				"west": {"uv": [0.032, 0.032, 0.968, 0.968], "texture": "#19"},
				"up": {"uv": [0.032, 0.032, 0.968, 0.968], "texture": "#19"}
			}
		}
	],
	"gui_light": "front",
	"display": {
		"thirdperson_righthand": {
			"rotation": [0, 90, 0],
			"translation": [0, 8.25, 0],
			"scale": [1.5, 1.5, 1.5]
		},
		"thirdperson_lefthand": {
			"rotation": [0, -90, 0],
			"translation": [0, 8.25, 0],
			"scale": [1.5, 1.5, 1.5]
		},
		"firstperson_righthand": {
			"rotation": [0, 90, 0],
			"translation": [-0.25, 14, 0],
			"scale": [2, 2, 2]
		},
		"firstperson_lefthand": {
			"rotation": [0, -90, 0],
			"translation": [-0.25, 14, 0],
			"scale": [2, 2, 2]
		},
		"ground": {
			"rotation": [90, 0, 0],
			"translation": [0, -3.25, 10.75],
			"scale": [2, 2, 2]
		},
		"gui": {
			"rotation": [0, 0, 45],
			"translation": [-9.5, 10.25, 0],
			"scale": [2.5, 2.5, 2.5]
		},
		"fixed": {
			"rotation": [0, -180, 45],
			"translation": [4.75, 5.25, 0],
			"scale": [1.25, 1.25, 1.25]
		}
	}
}