{
	"credit": "Made with Blockbench",
	"textures": {
		"19": "custom/weapons/guns/m1911",
		"particle": "custom/weapons/guns/m1911"
	},
	"elements": [
		{
			"from": [5.43858, 3.24396, 7.625],
			"to": [10.43858, 4.34396, 8.375],
			"rotation": {"angle": 0, "axis": "x", "origin": [7.93858, 3.74396, 8]},
			"faces": {
				"north": {"uv": [0.032, 15.032, 0.968, 15.968], "texture": "#19"},
				"east": {"uv": [0.032, 15.032, 0.968, 15.968], "texture": "#19"},
				"south": {"uv": [0.032, 15.032, 0.968, 15.968], "texture": "#19"},
				"west": {"uv": [0.032, 15.032, 0.968, 15.968], "texture": "#19"},
				"up": {"uv": [0.032, 15.032, 0.968, 15.968], "texture": "#19"},
				"down": {"uv": [0.032, 15.032, 0.968, 15.968], "texture": "#19"}
			}
		},
		{
			"from": [9.93858, 4.24396, 7.625],
			"to": [10.43858, 4.49396, 8.375],
			"rotation": {"angle": 0, "axis": "x", "origin": [10.18858, 4.36896, 8]},
			"faces": {
				"north": {"uv": [0.032, 15.032, 0.968, 15.968], "texture": "#19"},
				"east": {"uv": [0.032, 15.032, 0.968, 15.968], "texture": "#19"},
				"south": {"uv": [0.032, 15.032, 0.968, 15.968], "texture": "#19"},
				"west": {"uv": [0.032, 15.032, 0.968, 15.968], "texture": "#19"},
				"up": {"uv": [0.032, 15.032, 0.968, 15.968], "texture": "#19"}
			}
		},
		{
			"from": [5.43858, 4.24396, 7.625],
			"to": [7.18858, 4.49396, 8.375],
			"rotation": {"angle": 0, "axis": "x", "origin": [6.31358, 4.36896, 8]},
			"faces": {
				"north": {"uv": [0.032, 15.032, 0.968, 15.968], "texture": "#19"},
				"east": {"uv": [0.032, 15.032, 0.968, 15.968], "texture": "#19"},
				"south": {"uv": [0.032, 15.032, 0.968, 15.968], "texture": "#19"},
				"west": {"uv": [0.032, 15.032, 0.968, 15.968], "texture": "#19"},
				"up": {"uv": [0.032, 15.032, 0.968, 15.968], "texture": "#19"}
			}
		},
		{
			"from": [5.54213, 2.64396, 7.62875],
			"to": [6.04213, 3.49396, 8.37125],
			"rotation": {"angle": 45, "axis": "z", "origin": [5.79213, 3.24396, 8.00375]},
			"faces": {
				"north": {"uv": [0.032, 15.032, 0.968, 15.968], "texture": "#19"},
				"south": {"uv": [0.032, 15.032, 0.968, 15.968], "texture": "#19"},
				"west": {"uv": [0.032, 15.032, 0.968, 15.968], "texture": "#19"}
			}
		},
		{
			"from": [6.93858, 2.99396, 7.8125],
			"to": [9.93858, 3.24396, 8.1875],
			"rotation": {"angle": 0, "axis": "x", "origin": [7.98858, 3.86896, 8]},
			"faces": {
				"north": {"uv": [0.032, 15.032, 0.968, 15.968], "texture": "#19"},
				"east": {"uv": [0.032, 15.032, 0.968, 15.968], "texture": "#19"},
				"south": {"uv": [0.032, 15.032, 0.968, 15.968], "texture": "#19"},
				"down": {"uv": [0.032, 15.032, 0.968, 15.968], "texture": "#19"}
			}
		},
		{
			"from": [10.43858, 3.79396, 7.8],
			"to": [10.68858, 4.19396, 8.2],
			"rotation": {"angle": -45, "axis": "x", "origin": [10.56358, 3.99396, 8]},
			"faces": {
				"north": {"uv": [0.032, 15.032, 0.968, 15.968], "texture": "#19"},
				"east": {"uv": [1.032, 15.032, 1.968, 15.968], "texture": "#19"},
				"south": {"uv": [0.032, 15.032, 0.968, 15.968], "texture": "#19"},
				"west": {"uv": [0.032, 15.032, 0.968, 15.968], "texture": "#19"},
				"up": {"uv": [0.032, 15.032, 0.968, 15.968], "texture": "#19"},
				"down": {"uv": [0.032, 15.032, 0.968, 15.968], "texture": "#19"}
			}
		},
		{
			"from": [6.75, 2.1, 8],
			"to": [8.5, 3.35, 8],
			"rotation": {"angle": 0, "axis": "y", "origin": [7.25, 2.35, 8]},
			"faces": {
				"north": {"uv": [0.032, 0.032, 6.968, 4.968], "texture": "#19"},
				"south": {"uv": [6.968, 0.032, 0.032, 4.968], "texture": "#19"}
			}
		},
		{
			"from": [4.88313, 3.8043, 7.86875],
			"to": [5.88313, 4.2043, 8.13125],
			"rotation": {"angle": -45, "axis": "z", "origin": [5.38313, 4.0043, 8]},
			"faces": {
				"north": {"uv": [3.032, 1.032, 3.968, 1.968], "rotation": 90, "texture": "#19"},
				"south": {"uv": [3.032, 1.032, 3.968, 1.968], "rotation": 270, "texture": "#19"},
				"west": {"uv": [3.032, 1.032, 3.968, 1.968], "rotation": 270, "texture": "#19"},
				"up": {"uv": [3.032, 1.032, 3.968, 1.968], "rotation": 270, "texture": "#19"},
				"down": {"uv": [3.032, 1.032, 3.968, 1.968], "rotation": 270, "texture": "#19"}
			}
		},
		{
			"from": [5.73456, 2.27514, 7.62594],
			"to": [6.98456, 3.37514, 8.37406],
			"rotation": {"angle": 0, "axis": "y", "origin": [6.28456, 2.57514, 8.00094]},
			"faces": {
				"north": {"uv": [2.032, 15.032, 2.968, 15.968], "texture": "#19"},
				"east": {"uv": [3.032, 15.032, 3.968, 15.968], "texture": "#19"},
				"south": {"uv": [2.032, 15.032, 2.968, 15.968], "texture": "#19"},
				"west": {"uv": [3.032, 15.032, 3.968, 15.968], "texture": "#19"}
			}
		},
		{
			"from": [5.47609, 1.72574, 7.62594],
			"to": [6.72609, 2.47574, 8.37406],
			"rotation": {"angle": -22.5, "axis": "z", "origin": [6.35109, 1.72574, 8]},
			"faces": {
				"north": {"uv": [2.032, 15.032, 2.968, 15.968], "texture": "#19"},
				"east": {"uv": [3.032, 15.032, 3.968, 15.968], "texture": "#19"},
				"south": {"uv": [2.032, 15.032, 2.968, 15.968], "texture": "#19"},
				"west": {"uv": [3.032, 15.032, 3.968, 15.968], "texture": "#19"}
			}
		},
		{
			"from": [5.5427, 0.81058, 7.62594],
			"to": [6.7927, 2.06058, 8.37406],
			"rotation": {"angle": 0, "axis": "z", "origin": [6.4177, 2.36058, 8]},
			"faces": {
				"north": {"uv": [2.032, 15.032, 2.968, 15.968], "texture": "#19"},
				"east": {"uv": [3.032, 15.032, 3.968, 15.968], "texture": "#19"},
				"south": {"uv": [2.032, 15.032, 2.968, 15.968], "texture": "#19"},
				"west": {"uv": [3.032, 15.032, 3.968, 15.968], "texture": "#19"},
				"down": {"uv": [3.032, 15.032, 3.968, 15.968], "texture": "#19"}
			}
		}
	],
	"gui_light": "front",
	"display": {
		"thirdperson_righthand": {
			"rotation": [0, 90, 0],
			"translation": [0, 7.75, -0.5],
			"scale": [1.5, 1.5, 1.5]
		},
		"thirdperson_lefthand": {
			"rotation": [0, -90, 0],
			"translation": [0, 7.75, -0.5],
			"scale": [1.5, 1.5, 1.5]
		},
		"firstperson_righthand": {
			"rotation": [0, 90, 0],
			"translation": [-1.75, 12.75, 1.5],
			"scale": [1.7, 1.7, 1.7]
		},
		"firstperson_lefthand": {
			"rotation": [0, -90, 0],
			"translation": [-1.75, 12.75, 1.5],
			"scale": [1.7, 1.7, 1.7]
		},
		"ground": {
			"rotation": [90, 0, 0],
			"translation": [0.5, -5.25, 10],
			"scale": [2, 2, 2]
		},
		"gui": {
			"rotation": [0, 0, 37.25],
			"translation": [-6, 9.5, 0],
			"scale": [2.3, 2.3, 2.3]
		},
		"fixed": {
			"rotation": [1, -180, 45],
			"translation": [7.75, 9.25, -0.75],
			"scale": [2.5, 2.5, 2.5]
		}
	}
}