{
	"credit": "Made with Blockbench",
	"textures": {
		"0": "custom/weapons/guns/mk2",
		"particle": "custom/weapons/guns/mk2"
	},
	"elements": [
		{
			"from": [5.05, 2.5, 7.5],
			"to": [11.3, 4.05, 8.5],
			"rotation": {"angle": 0, "axis": "y", "origin": [8.175, 3.275, 8]},
			"faces": {
				"north": {"uv": [0.032, 15.032, 0.968, 15.968], "texture": "#0"},
				"east": {"uv": [0.032, 15.032, 0.968, 15.968], "texture": "#0"},
				"south": {"uv": [0.032, 15.032, 0.968, 15.968], "texture": "#0"},
				"west": {"uv": [0.032, 15.032, 0.968, 15.968], "texture": "#0"},
				"up": {"uv": [0.032, 15.032, 0.968, 15.968], "texture": "#0"},
				"down": {"uv": [0.032, 15.032, 0.968, 15.968], "texture": "#0"}
			}
		},
		{
			"from": [11.3, 3.2, 7.75],
			"to": [11.55, 3.7, 8.25],
			"rotation": {"angle": -45, "axis": "x", "origin": [11.425, 3.45, 8]},
			"faces": {
				"north": {"uv": [0.032, 15.032, 0.968, 15.968], "texture": "#0"},
				"east": {"uv": [2.032, 15.032, 2.968, 15.968], "texture": "#0"},
				"south": {"uv": [0.032, 15.032, 0.968, 15.968], "texture": "#0"},
				"west": {"uv": [0.032, 15.032, 0.968, 15.968], "texture": "#0"},
				"up": {"uv": [0.032, 15.032, 0.968, 15.968], "texture": "#0"},
				"down": {"uv": [0.032, 15.032, 0.968, 15.968], "texture": "#0"}
			}
		},
		{
			"from": [5.13621, 2.0666, 7.505],
			"to": [5.63621, 2.6166, 8.495],
			"rotation": {"angle": 22.5, "axis": "z", "origin": [5.38621, 2.3416, 8.005]},
			"faces": {
				"north": {"uv": [0.032, 15.032, 0.968, 15.968], "texture": "#0"},
				"south": {"uv": [0.032, 15.032, 0.968, 15.968], "texture": "#0"},
				"west": {"uv": [0.032, 15.032, 0.968, 15.968], "texture": "#0"}
			}
		},
		{
			"from": [4.98134, 0.55344, 7.5025],
			"to": [6.23134, 2.90344, 8.4975],
			"rotation": {"angle": -22.5, "axis": "z", "origin": [5.60634, 1.72844, 8.0025]},
			"faces": {
				"north": {"uv": [1.032, 15.032, 1.968, 15.968], "texture": "#0"},
				"east": {"uv": [1.032, 15.032, 1.968, 15.968], "texture": "#0"},
				"south": {"uv": [1.032, 15.032, 1.968, 15.968], "texture": "#0"},
				"west": {"uv": [1.032, 15.032, 1.968, 15.968], "texture": "#0"}
			}
		},
		{
			"from": [4.75173, 0.01501, 7.5025],
			"to": [6.00173, 1.16501, 8.4975],
			"rotation": {"angle": 22.5, "axis": "z", "origin": [5.37673, 0.59001, 8.0025]},
			"faces": {
				"north": {"uv": [1.032, 15.032, 1.968, 15.968], "texture": "#0"},
				"east": {"uv": [1.032, 15.032, 1.968, 15.968], "texture": "#0"},
				"south": {"uv": [1.032, 15.032, 1.968, 15.968], "texture": "#0"},
				"west": {"uv": [1.032, 15.032, 1.968, 15.968], "texture": "#0"},
				"down": {"uv": [1.032, 15.032, 1.968, 15.968], "texture": "#0"}
			}
		},
		{
			"from": [10.3, 4.05, 7.75],
			"to": [11.05, 4.3, 8.25],
			"rotation": {"angle": 0, "axis": "y", "origin": [10.675, 4.175, 8.125]},
			"faces": {
				"north": {"uv": [0.032, 15.032, 0.968, 15.968], "texture": "#0"},
				"east": {"uv": [0.032, 15.032, 0.968, 15.968], "texture": "#0"},
				"south": {"uv": [0.032, 15.032, 0.968, 15.968], "texture": "#0"},
				"west": {"uv": [0.032, 15.032, 0.968, 15.968], "texture": "#0"},
				"up": {"uv": [0.032, 15.032, 0.968, 15.968], "texture": "#0"}
			}
		},
		{
			"from": [5.88622, 3.20471, 7.625],
			"to": [6.88622, 4.45471, 8.375],
			"rotation": {"angle": 45, "axis": "z", "origin": [6.38622, 3.82971, 8]},
			"faces": {
				"north": {"uv": [0.032, 15.032, 0.968, 15.968], "texture": "#0"},
				"east": {"uv": [0.032, 4.032, 3.968, 8.968], "texture": "#0"},
				"south": {"uv": [0.032, 15.032, 0.968, 15.968], "texture": "#0"},
				"up": {"uv": [4.032, 4.032, 8.968, 7.968], "texture": "#0"}
			}
		},
		{
			"from": [6.23341, 1.57482, 8],
			"to": [7.98341, 2.57482, 8],
			"rotation": {"angle": 0, "axis": "y", "origin": [7.10841, 2.07482, 8]},
			"faces": {
				"north": {"uv": [0.032, 0.032, 6.968, 3.968], "texture": "#0"},
				"south": {"uv": [0.032, 0.032, 1.75, 0.968], "texture": "#0"}
			}
		}
	],
	"gui_light": "front",
	"display": {
		"thirdperson_righthand": {
			"rotation": [0, 90, 0],
			"translation": [0, 5.75, -0.75],
			"scale": [1, 1, 1.3]
		},
		"thirdperson_lefthand": {
			"rotation": [0, -90, 0],
			"translation": [0, 5.75, -0.75],
			"scale": [1, 1, 1.3]
		},
		"firstperson_righthand": {
			"rotation": [0, 90, 0],
			"translation": [0, 12, 0],
			"scale": [1.5, 1.5, 1.5]
		},
		"firstperson_lefthand": {
			"rotation": [0, -90, 0],
			"translation": [0, 11.5, 0],
			"scale": [1.5, 1.5, 1.5]
		},
		"ground": {
			"rotation": [90, 0, 0],
			"translation": [0, -3, 10.5],
			"scale": [1.7, 1.7, 1.7]
		},
		"gui": {
			"rotation": [0, 0, 45],
			"translation": [-7.25, 8.25, 0],
			"scale": [2, 2, 2]
		},
		"fixed": {
			"rotation": [0, -180, 45],
			"translation": [6.5, 8.25, -0.75],
			"scale": [2, 2, 2]
		}
	}
}