{
	"credit": "Made with Blockbench",
	"textures": {
		"0": "custom/weapons/guns/mk7",
		"particle": "custom/weapons/guns/mk7"
	},
	"elements": [
		{
			"from": [5.25, 2.75, 7.5],
			"to": [13.25, 4.25, 8.5],
			"rotation": {"angle": 0, "axis": "y", "origin": [9.125, 3.5, 8]},
			"faces": {
				"north": {"uv": [1.032, 1.032, 1.968, 1.968], "texture": "#0"},
				"east": {"uv": [1.032, 1.032, 1.968, 1.968], "texture": "#0"},
				"south": {"uv": [1.032, 1.032, 1.968, 1.968], "texture": "#0"},
				"west": {"uv": [1.032, 1.032, 1.968, 1.968], "texture": "#0"},
				"up": {"uv": [1.032, 1.032, 1.968, 1.968], "texture": "#0"},
				"down": {"uv": [1.032, 1.032, 1.968, 1.968], "texture": "#0"}
			}
		},
		{
			"from": [6.24456, 0.46853, 7.625],
			"to": [6.99456, 3.21853, 8.375],
			"rotation": {"angle": -22.5, "axis": "z", "origin": [6.61956, 1.84353, 8]},
			"faces": {
				"north": {"uv": [0.032, 2.032, 0.968, 2.968], "texture": "#0"},
				"east": {"uv": [0.032, 2.032, 0.968, 2.968], "texture": "#0"},
				"south": {"uv": [0.032, 2.032, 0.968, 2.968], "texture": "#0"},
				"west": {"uv": [0.032, 2.032, 0.968, 2.968], "texture": "#0"},
				"down": {"uv": [0.032, 2.032, 0.968, 2.968], "texture": "#0"}
			}
		},
		{
			"from": [8.55747, 1.78655, 7.6],
			"to": [10.15747, 2.88655, 8.4],
			"rotation": {"angle": 0, "axis": "z", "origin": [9.35747, 2.33655, 8.025]},
			"faces": {
				"north": {"uv": [0.032, 2.032, 0.968, 2.968], "texture": "#0"},
				"east": {"uv": [0.032, 2.032, 0.968, 2.968], "texture": "#0"},
				"south": {"uv": [0.032, 2.032, 0.968, 2.968], "texture": "#0"},
				"west": {"uv": [0.032, 2.032, 0.968, 2.968], "texture": "#0"},
				"down": {"uv": [0.032, 2.032, 0.968, 2.968], "texture": "#0"}
			}
		},
		{
			"from": [9.33896, -0.03576, 7.7],
			"to": [10.08896, 2.21424, 8.3],
			"rotation": {"angle": 22.5, "axis": "z", "origin": [9.61396, 1.46424, 8.05]},
			"faces": {
				"north": {"uv": [0.032, 3.032, 0.968, 3.968], "texture": "#0"},
				"east": {"uv": [0.032, 3.032, 0.968, 3.968], "texture": "#0"},
				"south": {"uv": [0.032, 3.032, 0.968, 3.968], "texture": "#0"},
				"west": {"uv": [0.032, 3.032, 0.968, 3.968], "texture": "#0"},
				"down": {"uv": [0.032, 3.032, 0.968, 3.968], "texture": "#0"}
			}
		},
		{
			"from": [10.1, 2.65, 7.375],
			"to": [13.251, 3.45, 8.625],
			"rotation": {"angle": 0, "axis": "y", "origin": [7.5, 0, 7.375]},
			"faces": {
				"north": {"uv": [0.032, 4.032, 15.968, 4.968], "texture": "#0"},
				"east": {"uv": [0.032, 1.032, 0.968, 1.968], "texture": "#0"},
				"south": {"uv": [0.032, 4.032, 15.968, 4.968], "texture": "#0"},
				"west": {"uv": [0.032, 4.032, 15.968, 4.968], "texture": "#0"},
				"up": {"uv": [15.968, 4.032, 0.032, 4.968], "texture": "#0"},
				"down": {"uv": [15.968, 4.032, 0.032, 4.968], "texture": "#0"}
			}
		},
		{
			"from": [13.25, 3, 7.5],
			"to": [14, 4, 8.5],
			"rotation": {"angle": 0, "axis": "y", "origin": [7.5, 0, 7.5]},
			"faces": {
				"north": {"uv": [2.032, 1.032, 2.968, 1.968], "texture": "#0"},
				"east": {"uv": [2.032, 1.032, 2.968, 1.968], "texture": "#0"},
				"south": {"uv": [2.032, 1.032, 2.968, 1.968], "texture": "#0"},
				"up": {"uv": [2.032, 1.032, 2.968, 1.968], "texture": "#0"},
				"down": {"uv": [2.032, 1.032, 2.968, 1.968], "texture": "#0"}
			}
		},
		{
			"from": [14, 3.25, 7.75],
			"to": [14.5, 3.75, 8.25],
			"rotation": {"angle": 0, "axis": "y", "origin": [14.5, 3.5, 8]},
			"faces": {
				"north": {"uv": [3.032, 1.032, 3.968, 1.968], "texture": "#0"},
				"east": {"uv": [4.032, 1.032, 4.968, 1.968], "texture": "#0"},
				"south": {"uv": [3.032, 1.032, 3.968, 1.968], "texture": "#0"},
				"up": {"uv": [3.032, 1.032, 3.968, 1.968], "texture": "#0"},
				"down": {"uv": [3.032, 1.032, 3.968, 1.968], "texture": "#0"}
			}
		},
		{
			"from": [5.725, 4.25, 7.875],
			"to": [6.725, 4.5, 8.125],
			"rotation": {"angle": 0, "axis": "y", "origin": [5.25, 7.25, 7.625]},
			"faces": {
				"north": {"uv": [0.032, 2.032, 0.968, 2.968], "texture": "#0"},
				"east": {"uv": [0.032, 2.032, 0.968, 2.968], "texture": "#0"},
				"south": {"uv": [0.032, 2.032, 0.968, 2.968], "texture": "#0"},
				"west": {"uv": [0.032, 2.032, 0.968, 2.968], "texture": "#0"},
				"up": {"uv": [0.032, 2.032, 0.968, 2.968], "texture": "#0"}
			}
		},
		{
			"from": [12.275, 4.25, 7.7],
			"to": [13.025, 4.5, 8.3],
			"rotation": {"angle": 0, "axis": "y", "origin": [5.25, 7.25, 7.8]},
			"faces": {
				"north": {"uv": [0.032, 2.032, 0.968, 2.968], "texture": "#0"},
				"east": {"uv": [0.032, 2.032, 0.968, 2.968], "texture": "#0"},
				"south": {"uv": [0.032, 2.032, 0.968, 2.968], "texture": "#0"},
				"west": {"uv": [0.032, 2.032, 0.968, 2.968], "texture": "#0"},
				"up": {"uv": [0.032, 2.032, 0.968, 2.968], "texture": "#0"}
			}
		},
		{
			"from": [5.12678, 2.82322, 7.6255],
			"to": [5.42678, 3.82322, 8.3745],
			"rotation": {"angle": 45, "axis": "z", "origin": [5.17678, 3.32322, 8.0005]},
			"faces": {
				"north": {"uv": [5.032, 1.032, 5.968, 1.968], "texture": "#0"},
				"south": {"uv": [5.032, 1.032, 5.968, 1.968], "texture": "#0"},
				"west": {"uv": [5.032, 1.032, 5.968, 1.968], "texture": "#0"}
			}
		},
		{
			"from": [1.81967, 3.43033, 7.625],
			"to": [5.31967, 3.93033, 8.375],
			"rotation": {"angle": 0, "axis": "z", "origin": [3.69467, 3.68033, 8]},
			"faces": {
				"north": {"uv": [5.032, 1.032, 5.968, 1.968], "rotation": 90, "texture": "#0"},
				"south": {"uv": [5.032, 1.032, 5.968, 1.968], "rotation": 90, "texture": "#0"},
				"up": {"uv": [5.032, 1.032, 5.968, 1.968], "rotation": 90, "texture": "#0"},
				"down": {"uv": [5.032, 1.032, 5.968, 1.968], "rotation": 90, "texture": "#0"}
			}
		},
		{
			"from": [1.38915, 2.11597, 7.625],
			"to": [1.88915, 4.01597, 8.375],
			"rotation": {"angle": -22.5, "axis": "z", "origin": [1.38915, 2.89097, 8]},
			"faces": {
				"north": {"uv": [5.032, 1.032, 5.968, 1.968], "rotation": 180, "texture": "#0"},
				"east": {"uv": [5.032, 1.032, 5.968, 1.968], "rotation": 180, "texture": "#0"},
				"south": {"uv": [5.032, 1.032, 5.968, 1.968], "rotation": 180, "texture": "#0"},
				"west": {"uv": [5.032, 1.032, 5.968, 1.968], "rotation": 180, "texture": "#0"},
				"up": {"uv": [5.032, 1.032, 5.968, 1.968], "rotation": 180, "texture": "#0"},
				"down": {"uv": [5.032, 1.032, 5.968, 1.968], "rotation": 180, "texture": "#0"}
			}
		},
		{
			"from": [7.05747, 1.38655, 8],
			"to": [8.55747, 2.88655, 8],
			"rotation": {"angle": 0, "axis": "y", "origin": [7.75747, 1.78655, 6]},
			"faces": {
				"north": {"uv": [0.032, 7.032, 8.968, 15.968], "texture": "#0"},
				"south": {"uv": [0.032, 15.968, 8.968, 7.032], "rotation": 180, "texture": "#0"}
			}
		}
	],
	"gui_light": "front",
	"display": {
		"thirdperson_righthand": {
			"rotation": [0, 90, 0],
			"translation": [0, 5.75, 0]
		},
		"thirdperson_lefthand": {
			"rotation": [0, -90, 0],
			"translation": [0, 5.75, 0]
		},
		"firstperson_righthand": {
			"rotation": [0, 90, 0],
			"translation": [-2.25, 9.25, 3.5]
		},
		"firstperson_lefthand": {
			"rotation": [0, -90, 0],
			"translation": [-2.25, 9.25, 3.5]
		},
		"ground": {
			"rotation": [90, 0, 0],
			"translation": [0, -2.75, 8.5],
			"scale": [2, 2, 2]
		},
		"gui": {
			"rotation": [40, 0, 45],
			"translation": [-4.5, 4.25, 0],
			"scale": [1.3, 1.3, 1.3]
		},
		"fixed": {
			"rotation": [0, 0, 45],
			"translation": [-5.25, 5.5, -0.5],
			"scale": [1.5, 1.5, 1.5]
		}
	}
}