{
	"credit": "Made with Blockbench by promorrom",
	"textures": {
		"2": "custom/weapons/guns/mp7-a1",
		"particle": "custom/weapons/guns/mp7-a1"
	},
	"elements": [
		{
			"from": [12.62863, 4.82, 7.31972],
			"to": [13.52863, 5.36, 7.58972],
			"rotation": {"angle": 0, "axis": "y", "origin": [8.75, 3.88679, 8]},
			"faces": {
				"north": {"uv": [9.032, 4.032, 9.5, 4.5], "texture": "#2"},
				"east": {"uv": [5.032, 9.032, 5.5, 9.5], "texture": "#2"},
				"south": {"uv": [9.032, 5.032, 9.5, 5.5], "texture": "#2"},
				"west": {"uv": [6.032, 9.032, 6.5, 9.5], "texture": "#2"},
				"up": {"uv": [9.5, 6.5, 9.032, 6.032], "texture": "#2"}
			}
		},
		{
			"from": [10.19863, 3.02, 7.13972],
			"to": [13.43863, 4.28, 8.84972],
			"rotation": {"angle": 0, "axis": "y", "origin": [8.75, 3.88679, 8]},
			"faces": {
				"north": {"uv": [3.032, 6.032, 4.968, 6.5], "texture": "#2"},
				"east": {"uv": [6.032, 8.032, 6.968, 8.5], "texture": "#2"},
				"south": {"uv": [6.032, 3.032, 7.968, 3.5], "texture": "#2"},
				"west": {"uv": [6.032, 8.032, 6.968, 8.5], "texture": "#2"},
				"up": {"uv": [3.968, 4.968, 2.032, 4.032], "texture": "#2"},
				"down": {"uv": [5.968, 4.032, 4.032, 4.968], "texture": "#2"}
			}
		},
		{
			"from": [5.60863, 3.2, 7.31972],
			"to": [13.61863, 4.82, 8.66972],
			"rotation": {"angle": 0, "axis": "y", "origin": [8.75, 3.88679, 8]},
			"faces": {
				"north": {"uv": [0.032, 0.032, 4.5, 0.968], "texture": "#2"},
				"east": {"uv": [7.032, 8.032, 7.5, 8.968], "texture": "#2"},
				"south": {"uv": [0.032, 1.032, 4.5, 1.968], "texture": "#2"},
				"west": {"uv": [8.032, 7.032, 8.5, 7.968], "texture": "#2"},
				"up": {"uv": [4.5, 2.5, 0.032, 2.032], "texture": "#2"},
				"down": {"uv": [4.5, 3.032, 0.032, 3.5], "texture": "#2"}
			}
		},
		{
			"from": [5.96863, 4.82, 7.31972],
			"to": [7.04863, 5.72, 7.58972],
			"rotation": {"angle": 0, "axis": "y", "origin": [8.75, 3.88679, 8]},
			"faces": {
				"north": {"uv": [9.032, 4.032, 9.5, 4.5], "texture": "#2"},
				"east": {"uv": [5.032, 9.032, 5.5, 9.5], "texture": "#2"},
				"south": {"uv": [9.032, 5.032, 9.5, 5.5], "texture": "#2"},
				"west": {"uv": [6.032, 9.032, 6.5, 9.5], "texture": "#2"},
				"up": {"uv": [9.5, 6.5, 9.032, 6.032], "texture": "#2"}
			}
		},
		{
			"from": [5.96863, 4.82, 8.39972],
			"to": [7.04863, 5.72, 8.66972],
			"rotation": {"angle": 0, "axis": "y", "origin": [8.75, 3.88679, 8]},
			"faces": {
				"north": {"uv": [9.032, 7.032, 9.5, 7.5], "texture": "#2"},
				"east": {"uv": [8.032, 9.032, 8.5, 9.5], "texture": "#2"},
				"south": {"uv": [9.032, 8.032, 9.5, 8.5], "texture": "#2"},
				"west": {"uv": [9.032, 9.032, 9.5, 9.5], "texture": "#2"},
				"up": {"uv": [0.5, 10.5, 0.032, 10.032], "texture": "#2"}
			}
		},
		{
			"from": [12.62863, 4.82, 8.39972],
			"to": [13.52863, 5.36, 8.66972],
			"rotation": {"angle": 0, "axis": "y", "origin": [8.75, 3.88679, 8]},
			"faces": {
				"north": {"uv": [9.032, 7.032, 9.5, 7.5], "texture": "#2"},
				"east": {"uv": [8.032, 9.032, 8.5, 9.5], "texture": "#2"},
				"south": {"uv": [9.032, 8.032, 9.5, 8.5], "texture": "#2"},
				"west": {"uv": [9.032, 9.032, 9.5, 9.5], "texture": "#2"},
				"up": {"uv": [0.5, 10.5, 0.032, 10.032], "texture": "#2"}
			}
		},
		{
			"from": [14.51863, 3.56, 7.74272],
			"to": [15.86863, 4.1, 8.28272],
			"rotation": {"angle": 0, "axis": "y", "origin": [8.75, 3.88679, 8]},
			"faces": {
				"north": {"uv": [8.032, 8.032, 8.968, 8.5], "texture": "#2"},
				"east": {"uv": [4.032, 10.032, 4.5, 10.5], "texture": "#2"},
				"south": {"uv": [0.032, 9.032, 0.968, 9.5], "texture": "#2"},
				"up": {"uv": [9.968, 0.5, 9.032, 0.032], "texture": "#2"},
				"down": {"uv": [1.968, 9.032, 1.032, 9.5], "texture": "#2"}
			}
		},
		{
			"from": [13.61863, 3.38, 7.56272],
			"to": [14.51863, 4.28, 8.46272],
			"rotation": {"angle": 0, "axis": "y", "origin": [8.75, 3.88679, 8]},
			"faces": {
				"north": {"uv": [1.032, 10.032, 1.5, 10.5], "texture": "#2"},
				"east": {"uv": [10.032, 1.032, 10.5, 1.5], "texture": "#2"},
				"south": {"uv": [2.032, 10.032, 2.5, 10.5], "texture": "#2"},
				"up": {"uv": [3.5, 10.5, 3.032, 10.032], "texture": "#2"},
				"down": {"uv": [10.5, 3.032, 10.032, 3.5], "texture": "#2"}
			}
		},
		{
			"from": [3.90241, -3.33854, 7.66809],
			"to": [4.53241, -0.09854, 8.34309],
			"rotation": {"angle": -45, "axis": "z", "origin": [8.75, 3.88679, 8]},
			"faces": {
				"north": {"uv": [6.032, 4.032, 6.5, 5.968], "texture": "#2"},
				"east": {"uv": [5.032, 6.032, 5.5, 7.968], "texture": "#2"},
				"south": {"uv": [6.032, 6.032, 6.5, 7.968], "texture": "#2"},
				"west": {"uv": [0.032, 7.032, 0.5, 8.968], "texture": "#2"}
			}
		},
		{
			"from": [0.02863, 4.01, 7.66809],
			"to": [5.60863, 4.64, 8.34309],
			"rotation": {"angle": 0, "axis": "y", "origin": [8.75, 3.88679, 8]},
			"faces": {
				"north": {"uv": [5.032, 0.032, 8.5, 0.5], "texture": "#2"},
				"south": {"uv": [5.032, 1.032, 8.5, 1.5], "texture": "#2"},
				"west": {"uv": [10.032, 5.032, 10.5, 5.5], "texture": "#2"},
				"up": {"uv": [5.5, 5.5, 2.032, 5.032], "texture": "#2"},
				"down": {"uv": [8.5, 2.032, 5.032, 2.5], "texture": "#2"}
			}
		},
		{
			"from": [0.02863, 1.76, 7.66809],
			"to": [0.65863, 4.01, 8.34309],
			"rotation": {"angle": 0, "axis": "z", "origin": [8.75, 3.88679, 8]},
			"faces": {
				"north": {"uv": [3.032, 7.032, 3.5, 8.5], "texture": "#2"},
				"east": {"uv": [4.032, 7.032, 4.5, 8.5], "texture": "#2"},
				"south": {"uv": [7.032, 4.032, 7.5, 5.5], "texture": "#2"},
				"west": {"uv": [7.032, 6.032, 7.5, 7.5], "texture": "#2"},
				"down": {"uv": [10.5, 6.032, 10.032, 6.5], "texture": "#2"}
			}
		},
		{
			"from": [9.56863, 1.85, 7.99472],
			"to": [11.36863, 3.2, 7.99472],
			"rotation": {"angle": 0, "axis": "y", "origin": [8.75, 3.88679, 8]},
			"faces": {
				"north": {"uv": [0.032, 10.75, 1.968, 12.75], "texture": "#2"},
				"south": {"uv": [0.032, 12.75, 1.968, 10.75], "rotation": 180, "texture": "#2"}
			}
		},
		{
			"from": [7.76863, 0.05, 7.54472],
			"to": [9.56863, 3.2, 8.44472],
			"rotation": {"angle": 0, "axis": "y", "origin": [8.75, 3.88679, 8]},
			"faces": {
				"north": {"uv": [0.032, 4.032, 0.968, 5.968], "texture": "#2"},
				"east": {"uv": [1.032, 6.032, 1.5, 7.968], "texture": "#2"},
				"south": {"uv": [1.032, 4.032, 1.968, 5.968], "texture": "#2"},
				"west": {"uv": [2.032, 6.032, 2.5, 7.968], "texture": "#2"},
				"down": {"uv": [8.968, 5.032, 8.032, 5.5], "texture": "#2"}
			}
		}
	],
	"gui_light": "front",
	"display": {
		"thirdperson_righthand": {
			"rotation": [0, 90, 0],
			"translation": [0.0009, 5.5, 3.2815]
		},
		"thirdperson_lefthand": {
			"rotation": [0, -90, 0],
			"translation": [0.0009, 5.5, 3.2815]
		},
		"firstperson_righthand": {
			"rotation": [0, 90, 0],
			"translation": [0, 7.25, 1.5]
		},
		"firstperson_lefthand": {
			"rotation": [0, -90, 0],
			"translation": [0, 7.25, 1.5]
		},
		"ground": {
			"rotation": [90, 0, 0],
			"translation": [0, -3.25, 4.5]
		},
		"gui": {
			"rotation": [0, 0, 45],
			"translation": [-2.75, 3.5, 0]
		},
		"fixed": {
			"rotation": [0, -180, 45],
			"translation": [2.75, 3.5, 0]
		}
	}
}